#,Full Name,FullTeamName,Team,Pos.,Ht.,Year,Hometown,Previous School,ImageURL,clean_name,Player,Team_prev,conf,Pos,NewTeam,NewConf,G,GS,MP,FGM,FGA,FG%,3PM,3PA,3P%,2P,2PA,2P%,eFG%,FTM,FTA,FT%,OREB,DREB,TRB,AST,STL,BLK,TO,PF,PTS,FantasyPts,FantasyPts/G,ConfStrength,PlayerType,ADP
12,Sophie Glancey,Santa Clara Broncos,santa clara,F,6-2,Gr.,"Boise, ID",,https://santaclarabroncos.com/images/2025/9/18/glancey_sophieDJR13209_dcKrR.JPG?width=80&quality=90,sophie glancey,Sophie Glancey,Northern Ariz.,Big Sky,,Santa Clara,WCC,,,1015.0,,,,,,,,,,,,,,,,326.0,39.0,31.0,61.0,,,623.0,1716.2,,0.0,Transfer,1
23,Ashley Hawkins,Santa Clara Broncos,santa clara,G,5-6,Gr.,"Long Beach, CA",,https://santaclarabroncos.com/images/2025/9/18/hawkins_ashleyDJR13268.JPG?width=80&quality=90,ashley hawkins,Ashley Hawkins,Gardner-Webb,Big South,,Santa Clara,WCC,,,1017.6,,,,,,,,,,,,,,,,113.0,137.0,34.0,1.0,,,529.0,1490.0,,-2.0,Transfer,2
55,Maya Hernandez,Loyola Marymount Lions,lmu,F,6-0,Jr.,"San Jose, CA",,https://d2vhz6gv4pigvw.cloudfront.net/images/2025/10/2/Maya_Hernandez.jpg?width=80&quality=90,maya hernandez,Maya Hernandez,Loyola Marymount,WCC,F,,,30.0,28.0,29.8,165.0,348.0,0.5,0.0,3.0,0.0,5.5,11.5,0.5,0.5,57.0,90.0,0.6,84.0,147.0,7.8,39.0,63.0,27.0,45.0,3.0,384.0,1381.5,33.8,0.0,Returner,3
0,Jess Lawson,Loyola Marymount Lions,lmu,G,5-7,Gr.,"Las Vegas, NV",Central Michigan,https://d2vhz6gv4pigvw.cloudfront.net/images/2025/10/2/Jess_Lawson.jpg?width=80&quality=90,jess lawson,Jess Lawson,Central Mich.,MAC,,LMU (CA),WCC,,,883.4,,,,,,,,,,,,,,,,266.0,98.0,46.0,3.0,,,340.0,1366.2,,0.0,Transfer,4
30,Catarina Ferreira,Oregon State Beavers,osu,G,6-0,Gr.,"Sao Paulo, Brazil",,https://images.sidearmdev.com/crop?url=https%3A%2F%2Fdxbhsrqyrr690.cloudfront.net%2Fsidearm.nextgen.sites%2Foregonstate.sidearmsports.com%2Fimages%2F2024%2F10%2F2%2FWBB_Headshot-7.jpg&width=603&height=803&gravity=north&type=webp,catarina ferreira,Catarina Ferreira,Oregon State,WCC,G,,,35.0,31.0,29.3,108.5,290.5,0.4,24.5,91.0,0.3,2.3,5.7,0.4,0.4,101.5,129.5,0.8,63.0,192.5,7.3,70.0,59.5,10.5,80.5,2.4,346.5,1165.5,27.1,0.0,Returner,6
20,Taylor Smith,Gonzaga Bulldogs,gonzaga,F,6-2,Jr.,"Pocatello, ID",Weber State,https://d2jpxbzntgxotn.cloudfront.net/images/2025/9/10/taylor_smith-1502.JPG?width=80&quality=90,taylor smith,Taylor Smith,Weber St.,Big Sky,,Gonzaga,WCC,,,799.6,,,,,,,,,,,,,,,,155.0,63.0,36.0,35.0,,,331.0,1155.0,,0.0,Transfer,7
11,Allie Turner,Gonzaga Bulldogs,gonzaga,G,5-8,So.,"St. Louis, MO",John Burroughs HS,https://d2jpxbzntgxotn.cloudfront.net/images/2025/9/10/new_allie_pic.JPG?width=80&quality=90,allie turner,Allie Turner,Gonzaga,WCC,G,,,35.0,32.0,32.7,164.5,360.5,0.5,105.0,231.0,0.5,1.7,3.7,0.5,0.6,31.5,38.5,0.9,10.5,105.0,3.3,126.0,24.5,17.5,94.5,1.5,469.0,1296.8,25.1,0.0,Returner,5
23,Candy Edokpaigbe,San Francisco Dons,usf,G,6-0,So.,"Naples, Italy",Seattle U,https://drtye9aslmeh1.cloudfront.net/images/2025/10/14/23_Candy_Edkopaigbe_Headshot.jpg?width=80&quality=90,candy edokpaigbe,Candy Edokpaigbe,Seattle U,WAC,,San Francisco,WCC,,,880.7,,,,,,,,,,,,,,,,147.0,44.0,53.0,18.0,,,324.0,1086.2,,0.0,Transfer,8
1,Kennedie Shuler,Oregon State Beavers,osu,G,5-10,Jr.,"Gresham, OR",,https://images.sidearmdev.com/crop?url=https%3A%2F%2Fdxbhsrqyrr690.cloudfront.net%2Fsidearm.nextgen.sites%2Foregonstate.sidearmsports.com%2Fimages%2F2024%2F10%2F2%2FWBB_Headshot-2.jpg&width=603&height=803&gravity=north&type=webp,kennedie shuler,Kennedie Shuler,Oregon State,WCC,G,,,35.0,35.0,32.5,98.0,231.0,0.4,14.0,63.0,0.2,2.4,4.8,0.5,0.5,70.0,119.0,0.6,35.0,101.5,3.8,129.5,45.5,3.5,98.0,2.1,276.5,1018.5,21.8,0.0,Returner,11
2,Eleonora Villa,Washington State Cougars,wsu,G,5-8,Jr.,"Lissone, Italy",Costa Masnaga,https://d1gp0cqcpext3x.cloudfront.net/images/2025/10/9/Villa__Eleonora.png?width=80&quality=90,eleonora villa,Eleonora Villa,Washington State,WCC,G,,,34.0,34.0,32.9,187.0,425.0,0.4,44.2,136.0,0.3,4.2,8.5,0.5,0.5,44.2,57.8,0.8,27.2,74.8,3.0,88.4,30.6,6.8,71.4,1.5,462.4,1076.1,22.0,0.0,Returner,9
4,Sierra Lichtie,Gonzaga Bulldogs,gonzaga,F,6-0,Gr.,"Riverton, UT",Cal Poly,https://d2jpxbzntgxotn.cloudfront.net/images/2025/9/10/sierra_lichtie-8103.JPG?width=80&quality=90,sierra lichtie,Sierra Lichtie,Cal Poly,Big West,,Gonzaga,WCC,,,842.6,,,,,,,,,,,,,,,,185.0,44.0,35.0,9.0,,,296.0,975.0,,0.0,Transfer,12
10,Sydney Ward,Pacific Tigers,pacific,G/F,6-0,Sr.,"Houston, TX",The Village,https://pacifictigers.com/images/2025/10/20/Sydney_Ward.png?width=80&quality=90,sydney ward,Sydney Ward,Pacific,WCC,G,,,34.0,34.0,28.4,54.4,153.0,0.4,3.4,30.6,0.2,1.5,3.6,0.4,0.4,47.6,64.6,0.8,61.2,125.8,5.5,51.0,47.6,40.8,57.8,2.3,163.2,923.1,22.7,0.0,Returner,14
9,Maia Jones,Santa Clara Broncos,santa clara,G,5-10,R-Jr.,"Tasman, New Zealand",,https://santaclarabroncos.com/images/2025/9/18/jones_maiaDJR13254.JPG?width=80&quality=90,maia jones,Maia Jones,St. Mary's (CA),WCC,G,,,30.0,22.0,29.2,126.0,276.0,0.5,36.0,99.0,0.4,3.0,5.9,0.5,0.5,78.0,96.0,0.8,15.0,75.0,3.0,81.0,51.0,9.0,69.0,2.0,366.0,1053.8,25.7,0.0,Transfer,10
30,Kylee Fox,Santa Clara Broncos,santa clara,F,5-11,Jr.,"Richland, WA",,https://santaclarabroncos.com/images/2025/9/18/fox_kyleeDJR13231_lFMvf.JPG?width=80&quality=90,kylee fox,Kylee Fox,Fresno St.,MWC,,Santa Clara,WCC,,,1076.2,,,,,,,,,,,,,,,,111.0,70.0,34.0,7.0,,,293.0,963.8,,0.0,Transfer,13
22,Lina Falk,Pepperdine Waves,pepperdine,G,6-2,Jr.,"Wolfenbüttel, Germany",Sacramento State,https://daitadul56i2n.cloudfront.net/images/2025/9/26/22_lina.jpg?width=80&quality=90,lina falk,Lina Falk,Sacramento St.,Big Sky,,Pepperdine,WCC,,,984.3,,,,,,,,,,,,,,,,135.0,22.0,42.0,10.0,,,271.0,837.5,,0.0,Transfer,16
13,Malia Latu,Saint Mary's Gaels,smc,G,5-8,Gr.,"East Palo Alto, CA",Santa Clara,https://duq7p5k7s6jsa.cloudfront.net/images/2025/7/8/Malia_Latu_Summer_Headshot.png?width=80&quality=90,malia latu,Malia Latu,Santa Clara,WCC,G,,,31.0,30.0,29.4,127.1,294.5,0.4,3.1,21.7,0.1,4.0,8.9,0.4,0.4,77.5,102.3,0.8,37.2,93.0,4.3,74.4,27.9,12.4,77.5,2.5,331.7,885.0,22.4,0.0,Transfer,15
55,Zeryhia Aokuso,Gonzaga Bulldogs,gonzaga,G,5-10,Jr.,"Amarillo, TX",Saint Mary's,https://d2jpxbzntgxotn.cloudfront.net/images/2025/9/10/zerhyia_aokuso-7494.JPG?width=80&quality=90,zeryhia aokuso,Zeryhia Aokuso,St. Mary's (CA),WCC,G,,,26.0,20.0,25.0,93.6,215.8,0.4,10.4,31.2,0.4,3.2,7.2,0.4,0.5,41.6,54.6,0.7,10.4,67.6,3.0,91.0,31.2,5.2,70.2,2.0,239.2,819.5,23.0,0.0,Transfer,17
33,Alex Covill,Washington State Cougars,wsu,C,6-6,Jr.,"Missoula, Mont.",Missoula Hellgate HS,https://d1gp0cqcpext3x.cloudfront.net/images/2025/10/9/Covill__Alex.png?width=80&quality=90,alex covill,Alex Covill,Washington State,WCC,C,,,27.0,20.0,18.3,94.5,156.6,0.6,0.0,0.0,0.0,3.5,5.8,0.6,0.6,35.1,51.3,0.7,37.8,64.8,3.8,5.4,10.8,56.7,35.1,2.0,224.1,753.3,22.7,0.0,Returner,18
3,Ella Brubaker,Seattle U Redhawks,seattle,G,6-0,Graduate Student,"University Place, WA",The Master's / Pepperdine,https://goseattleu.com/imgproxy/8wjRPnIdRZZIbDOXp3TME-SUmsnEUYX3bvwlw-7XL-4/rs:fit:1980:0:0/g:ce/q:90/aHR0cHM6Ly9zdG9yYWdlLmdvb2dsZWFwaXMuY29tL2dvc2VhdHRsZXUtY29tLXByb2QvMjAyNS8xMC8wOS9NUEZSb0RjVmpqaFFvcktheXN5YnBnY2cwQmNOSGRjR1RyWGk2MXFVLnBuZw.png,ella brubaker,Ella Brubaker,Pepperdine,WCC,G,Seattle U,WCC,,,559.3,,,,,,,,,,,,,,,,83.0,23.0,29.0,9.0,,,256.0,688.8,,0.0,Transfer,24
21,Olivia Williams,San Francisco Dons,usf,G,6-1,R-Sr.,"South San Francisco, Calif.",UC Irvine,https://drtye9aslmeh1.cloudfront.net/images/2025/10/14/21_Olivia_Williams_Headshot.jpg?width=80&quality=90,olivia williams,Olivia Williams,UC Irvine,Big West,,San Francisco,WCC,,,796.8,,,,,,,,,,,,,,,,82.0,24.0,34.0,15.0,,,230.0,706.2,,0.0,Transfer,21
0,Tiara Bolden,Oregon State Beavers,osu,G,5-11,Gr.,"Eugene, OR",,https://images.sidearmdev.com/crop?url=https%3A%2F%2Fdxbhsrqyrr690.cloudfront.net%2Fsidearm.nextgen.sites%2Foregonstate.sidearmsports.com%2Fimages%2F2024%2F10%2F2%2FWBB_Headshot-9.jpg&width=603&height=803&gravity=north&type=webp,tiara bolden,Tiara Bolden,Oregon State,WCC,G,,,35.0,31.0,26.4,105.0,283.5,0.4,42.0,129.5,0.3,1.9,4.3,0.4,0.4,31.5,38.5,0.8,24.5,112.0,3.9,52.5,31.5,7.0,59.5,2.0,283.5,719.2,15.8,0.0,Returner,20
2,Mara Neira,San Francisco Dons,usf,G,5-9,Gr.,"Baiona, Spain",Presbyterian/Appalachian State,https://drtye9aslmeh1.cloudfront.net/images/2025/10/14/2_Mara_Neira_Headshot.jpg?width=80&quality=90,mara neira,Mara Neira,App State,Sun Belt,,San Francisco,WCC,,,531.1,,,,,,,,,,,,,,,,62.0,36.0,44.0,0.0,,,214.0,700.0,,0.0,Transfer,22
8,Ines Bettencourt,Gonzaga Bulldogs,gonzaga,G,5-9,Sr.,"Sao Miguel, Portugal",UConn,https://d2jpxbzntgxotn.cloudfront.net/images/2025/9/10/ines_bettencourt-6446.JPG?width=80&quality=90,ines bettencourt,Ines Bettencourt,Gonzaga,WCC,G,,,35.0,16.0,22.3,77.0,199.5,0.4,28.0,80.5,0.4,1.3,3.3,0.4,0.5,35.0,45.5,0.8,10.5,66.5,2.1,94.5,31.5,10.5,80.5,1.7,213.5,735.0,15.3,0.0,Returner,19
25,Winner Bartholomew,Pacific Tigers,pacific,F,6-1,So.,"Abuja, Nigeria",Rider,https://pacifictigers.com/images/2025/10/20/Winner_Bartholomew.png?width=80&quality=90,winner bartholomew,Winner Bartholomew,Rider,MAAC,,Pacific,WCC,,,498.3,,,,,,,,,,,,,,,,107.0,21.0,16.0,6.0,,,233.0,606.2,,-1.0,Transfer,30
9,Marina Radocaj,Pacific Tigers,pacific,G/F,6-3,Jr.,"Richmond, Canada",Arizona State / R.A. McMath Secondary School,https://pacifictigers.com/images/2025/10/20/Marina_Radocaj.png?width=80&quality=90,marina radocaj,Marina Radocaj,Pacific,WCC,F,,,34.0,30.0,20.8,71.4,153.0,0.5,0.0,6.8,0.0,2.1,4.3,0.5,0.5,44.2,64.6,0.7,37.4,74.8,3.3,37.4,20.4,30.6,57.8,1.9,183.6,642.6,15.5,0.0,Returner,27
28,Andjela Matic,Loyola Marymount Lions,lmu,G,5-9,Sr.,"Ub, Serbia",Duquesne,https://d2vhz6gv4pigvw.cloudfront.net/images/2025/10/2/Andjela_Matic.jpg?width=80&quality=90,andjela matic,Andjela Matic,Duquesne,A-10,,LMU (CA),WCC,,,635.6,,,,,,,,,,,,,,,,95.0,56.0,19.0,5.0,,,193.0,683.8,,0.0,Transfer,25
10,Georgia Grigoropoulou,Saint Mary's Gaels,smc,F,6-3,Sr.,"Athens, Greece",Santa Clara,https://duq7p5k7s6jsa.cloudfront.net/images/2025/7/8/Georgia_Grigoropoulou_Summer_Headshot.png?width=80&quality=90,georgia grigoropoulou,Georgia Grigoropoulou,Santa Clara,WCC,F,,,31.0,15.0,14.5,62.0,111.6,0.5,0.0,0.0,0.0,2.0,3.6,0.6,0.5,15.5,40.3,0.4,62.0,86.8,4.7,24.8,6.2,21.7,24.8,1.5,136.4,381.8,15.8,0.0,Transfer,46
2,Aniya Hooker,Santa Clara Broncos,santa clara,G,5-8,So.,"Lynnwood, WA",,https://santaclarabroncos.com/images/2025/9/18/hooker_aniyaDJR13246.JPG?width=80&quality=90,aniya hooker,Aniya Hooker,Siena,MAAC,,Santa Clara,WCC,,,739.6,,,,,,,,,,,,,,,,56.0,61.0,35.0,9.0,,,151.0,696.2,,-1.0,Transfer,23
0,Ivory Finley,Pepperdine Waves,pepperdine,G,5-10,Gr.,"Minneapolis, MN",Utah State,https://daitadul56i2n.cloudfront.net/images/2025/9/26/0_ivory.jpg?width=80&quality=90,ivory finley,Ivory Finley,Utah St.,MWC,,Pepperdine,WCC,,,726.2,,,,,,,,,,,,,,,,90.0,31.0,25.0,3.0,,,177.0,586.2,,0.0,Transfer,31
8,Mackenzie Chatfield,Washington State Cougars,wsu,G,5-9,Jr.,"Auckland, New Zealand",Western Kentucky,https://d1gp0cqcpext3x.cloudfront.net/images/2025/10/9/Chatfield__Mackenzie.png?width=80&quality=90,mackenzie chatfield,Mackenzie Chatfield,Western Ky.,CUSA,,Washington St.,WCC,,,572.3,,,,,,,,,,,,,,,,39.0,67.0,31.0,1.0,,,165.0,665.0,,0.0,Transfer,26
5,Abigail Shoff,Saint Mary's Gaels,smc,F,6-0,Jr.,"Redding, CA",Long Beach State,https://duq7p5k7s6jsa.cloudfront.net/images/2024/10/5/Abigail_Shoff.png?width=80&quality=90,abigail shoff,Abigail Shoff,St. Mary's (CA),WCC,F,,,31.0,23.0,22.3,93.0,204.6,0.5,15.5,52.7,0.3,2.5,4.9,0.5,0.5,15.5,27.9,0.6,34.1,80.6,3.7,21.7,24.8,9.3,43.4,2.6,220.1,581.2,14.7,0.0,Returner,32
8,Emily Foy,Saint Mary's Gaels,smc,G,6-1,Jr.,"Newcastle, Australia",,https://duq7p5k7s6jsa.cloudfront.net/images/2024/10/5/Emily_Foy.png?width=80&quality=90,emily foy,Emily Foy,St. Mary's (CA),WCC,G,,,31.0,18.0,26.5,96.1,226.3,0.4,46.5,133.3,0.4,1.6,3.0,0.5,0.5,15.5,18.6,0.8,12.4,77.5,2.9,43.4,27.9,3.1,46.5,1.8,257.3,641.7,14.7,0.0,Returner,28
17,Nicole Anderson,Portland Pilots,portland,G,5-8,Gr.,"Eastvale, CA",LMU / SMU / Rosary Academy,https://portlandpilots.com/images/2025/10/15/Rodriguez_Nicole26web.JPG?width=80&quality=90,nicole anderson,Nicole Anderson,SMU,ACC,,Portland,WCC,,,575.4,,,,,,,,,,,,,,,,54.0,23.0,18.0,2.0,,,227.0,535.0,,1.0,Transfer,35
14,Michelle Ugwah,San Francisco Dons,usf,F,6-1,R-So.,"Cork, Ireland",Morehead State,https://drtye9aslmeh1.cloudfront.net/images/2025/10/14/14_Michelle_Ugwah_Headshot.jpg?width=80&quality=90,michelle ugwah,Michelle Ugwah,Morehead St.,OVC,,San Francisco,WCC,,,516.8,,,,,,,,,,,,,,,,117.0,4.0,20.0,17.0,,,145.0,506.2,,-1.0,Transfer,38
21,Aaliyah Ibarra,Seattle U Redhawks,seattle,G,5-8,Senior,"Las Vegas, NV",Utah Tech,https://goseattleu.com/imgproxy/_TvXo-Wd26emOYoDBaIWFf6n66GR8yidVSZMwYhfao4/rs:fit:1980:0:0/g:ce/q:90/aHR0cHM6Ly9zdG9yYWdlLmdvb2dsZWFwaXMuY29tL2dvc2VhdHRsZXUtY29tLXByb2QvMjAyNS8xMC8wOS91UE5TTnZHY2JrQ1J6WWlkTXVwZE9Ta1J3Q1pnWUkxeE9nN1RSa2VCLnBuZw.png,aaliyah ibarra,Aaliyah Ibarra,Utah Tech,WAC,G,Seattle U,WCC,,,471.87,,,,,,,,,,,,,,,,54.0,21.0,19.0,1.0,,,209.0,506.2,,0.0,Transfer,38
22,Rhyan Mogel,Portland Pilots,portland,G,5-10,Jr.,"Happy Valley, OR",Clackamas HS,https://portlandpilots.com/images/2025/10/15/Mogel_Rhyan26web.JPG?width=80&quality=90,rhyan mogel,Rhyan Mogel,Portland,WCC,G,,,36.0,0.0,20.6,68.4,190.8,0.4,21.6,75.6,0.3,1.3,3.3,0.4,0.4,39.6,50.4,0.8,25.2,39.6,1.8,50.4,39.6,3.6,39.6,1.7,201.6,615.6,11.8,0.0,Returner,29
7,Nevaeh Ferrara Horne,San Francisco Dons,usf,F,6-2,Jr.,"Regina, Saskatchewan, Canada",North Dakota,https://drtye9aslmeh1.cloudfront.net/images/2025/10/14/7_Nevaeh_Ferrera_Horne_Headshot.jpg?width=80&quality=90,nevaeh ferrara horne,Nevaeh Ferrara Horne,North Dakota,Summit,,San Francisco,WCC,,,727.2,,,,,,,,,,,,,,,,52.0,30.0,22.0,12.0,,,165.0,538.8,,0.0,Transfer,34
3,Jenna Villa,Oregon State Beavers,osu,G,6-1,Jr.,"Arlington, WA",,https://images.sidearmdev.com/crop?url=https%3A%2F%2Fdxbhsrqyrr690.cloudfront.net%2Fsidearm.nextgen.sites%2Foregonstate.sidearmsports.com%2Fimages%2F2025%2F5%2F12%2F25WBB_Recruit_Jenna_Villa_0009.jpg&width=603&height=803&gravity=north&type=webp,jenna villa,Jenna Villa,Washington State,WCC,G,,,35.0,29.0,21.7,63.0,185.5,0.3,45.5,129.5,0.3,0.5,1.6,0.3,0.5,28.0,31.5,0.8,24.5,63.0,2.5,49.0,17.5,10.5,31.5,1.6,196.0,558.8,11.2,0.0,Transfer,33
0,Jada Hunter,Saint Mary's Gaels,smc,G,5-10,Jr.,"Vallejo, CA",Laney College,https://duq7p5k7s6jsa.cloudfront.net/images/2024/10/5/Jada_Hunter.png?width=80&quality=90,jada hunter,Jada Hunter,St. Mary's (CA),WCC,G,,,31.0,8.0,18.4,46.5,111.6,0.4,6.2,24.8,0.2,1.4,2.8,0.5,0.4,9.3,15.5,0.7,18.6,46.5,2.1,58.9,40.3,3.1,65.1,2.1,108.5,530.1,12.6,0.0,Returner,36
5,Carly Heidger,Loyola Marymount Lions,lmu,G,6-3,Sr.,"Dacula, GA",Samford,https://d2vhz6gv4pigvw.cloudfront.net/images/2025/10/2/Carly_Heidger.jpg?width=80&quality=90,carly heidger,Carly Heidger,Loyola Marymount,WCC,G,,,27.0,26.0,32.3,83.7,197.1,0.4,24.3,75.6,0.3,2.1,4.5,0.5,0.5,27.0,35.1,0.7,35.1,62.1,3.6,27.0,16.2,10.8,40.5,1.9,216.0,518.4,14.4,0.0,Returner,37
13,Ava Schmidt,Santa Clara Broncos,santa clara,F,6-2,Jr.,"Sammamish, WA",,https://santaclarabroncos.com/images/2025/9/18/schmidt_avaDJR13235.JPG?width=80&quality=90,ava schmidt,Ava Schmidt,Northern Ariz.,Big Sky,,Santa Clara,WCC,,,316.6,,,,,,,,,,,,,,,,85.0,12.0,8.0,20.0,,,105.0,397.5,,0.0,Transfer,45
25,Lauren Glazier,Washington State Cougars,wsu,F,6-4,Sr.,"North Bend, Wash.",Mount Si HS,https://d1gp0cqcpext3x.cloudfront.net/images/2025/10/9/Glazier__Lauren.png?width=80&quality=90,lauren glazier,Lauren Glazier,Pacific,WCC,F-C,,,30.0,0.0,14.9,72.0,201.0,0.4,0.0,3.0,0.0,2.4,6.6,0.4,0.4,9.0,15.0,0.5,15.0,51.0,2.2,15.0,15.0,27.0,39.0,1.6,153.0,426.5,11.3,0.0,Transfer,41
31,Irune Orio,Pepperdine Waves,pepperdine,F,6-2,Sr.,"Balmaseda, Spain",Sacramento State / Xavier,https://daitadul56i2n.cloudfront.net/images/2025/9/26/31_irune.jpg?width=80&quality=90,irune orio,Irune Orio,Xavier,Big East,,Pepperdine,WCC,,,554.4,,,,,,,,,,,,,,,,98.0,28.0,9.0,3.0,,,109.0,420.0,,1.0,Transfer,42
20,Lainey Spear,Portland Pilots,portland,F,6-2,Jr.,"Portland, OR",Beaverton HS,https://portlandpilots.com/images/2025/10/15/Spear_Lainey26web.JPG?width=80&quality=90,lainey spear,Lainey Spear,Portland,WCC,F,,,36.0,0.0,15.2,72.0,158.4,0.4,7.2,28.8,0.2,1.8,3.6,0.5,0.5,28.8,50.4,0.6,21.6,50.4,2.1,28.8,21.6,3.6,46.8,1.7,180.0,437.4,9.2,0.0,Returner,40
7,Edie Clarke,Saint Mary's Gaels,smc,F,6-4,So.,"Melbourne, Australia",,https://duq7p5k7s6jsa.cloudfront.net/images/2024/10/5/Edie_Clarke.png?width=80&quality=90,edie clarke,Edie Clarke,St. Mary's (CA),WCC,F,,,30.0,10.0,12.7,45.0,84.0,0.6,0.0,3.0,0.0,1.5,2.7,0.6,0.6,6.0,9.0,0.8,30.0,39.0,2.4,21.0,12.0,18.0,30.0,0.7,99.0,409.5,11.0,0.0,Returner,44
24,Teryn Gardner,Gonzaga Bulldogs,gonzaga,G,5-10,So.,"Spokane, WA",Boise State,https://d2jpxbzntgxotn.cloudfront.net/images/2025/9/10/teryn_gardner-7278.JPG?width=80&quality=90,teryn gardner,Teryn Gardner,Boise St.,MWC,,Gonzaga,WCC,,,369.1,,,,,,,,,,,,,,,,65.0,17.0,16.0,1.0,,,104.0,358.8,,0.0,Transfer,50
11,Alana Goodchild,Santa Clara Broncos,santa clara,F,6-2,Sr.,"Sydney, Australia",,https://santaclarabroncos.com/images/2025/9/18/goodchild_alannaDJR13217.JPG?width=80&quality=90,alana goodchild,Alana Goodchild,Santa Clara,WCC,F,,,31.0,0.0,16.4,68.2,155.0,0.4,34.1,96.1,0.3,1.1,1.9,0.6,0.5,9.3,12.4,0.8,18.6,43.4,2.0,24.8,12.4,6.2,27.9,1.9,179.8,418.5,9.3,0.0,Returner,43
3,Mauriana Hashemian-Orr,Saint Mary's Gaels,smc,G,5-7,So.,"Portland, OR",,https://duq7p5k7s6jsa.cloudfront.net/images/2024/10/17/MHO.jpg?width=80&quality=90,mauriana hashemian-orr,Mauriana Hashemian-Orr,St. Mary's (CA),WCC,G,,,29.0,6.0,13.1,26.1,60.9,0.4,2.9,8.7,0.3,0.8,1.8,0.4,0.4,11.6,20.3,0.7,8.7,52.2,2.1,46.4,17.4,0.0,37.7,1.3,66.7,361.0,9.9,0.0,Returner,49
15,Nyah Lowery,Pacific Tigers,pacific,G,5-11,Jr.,"Sacramento, CA",Saint Mary's,https://pacifictigers.com/images/2025/10/20/Nyah_Lowery.png?width=80&quality=90,nyah lowery,Nyah Lowery,Pacific,WCC,G,,,34.0,0.0,19.1,54.4,166.6,0.3,23.8,91.8,0.3,0.9,2.2,0.4,0.4,3.4,13.6,0.4,23.8,51.0,2.1,20.4,34.0,6.8,40.8,2.0,139.4,357.0,7.9,0.0,Returner,51
4,Ally Schimel,Oregon State Beavers,osu,G,5-10,So.,"Corbett, OR",,https://images.sidearmdev.com/crop?url=https%3A%2F%2Fdxbhsrqyrr690.cloudfront.net%2Fsidearm.nextgen.sites%2Foregonstate.sidearmsports.com%2Fimages%2F2024%2F10%2F2%2FWBB_Headshot-6.jpg&width=603&height=803&gravity=north&type=webp,ally schimel,Ally Schimel,Oregon State,WCC,G,,,35.0,2.0,19.5,42.0,129.5,0.3,24.5,91.0,0.3,0.5,1.1,0.5,0.4,10.5,10.5,0.8,7.0,45.5,1.5,24.5,24.5,7.0,17.5,0.6,119.0,362.2,7.6,0.0,Returner,47
22,McKynnlie Dalan,Gonzaga Bulldogs,gonzaga,F,6-0,Jr.,"Montesano, WA",Minnesota,https://d2jpxbzntgxotn.cloudfront.net/images/2025/9/10/mckynnlie_dalan.JPG?width=80&quality=90,mckynnlie dalan,McKynnlie Dalan,Gonzaga,WCC,F,,,33.0,1.0,12.9,36.3,92.4,0.4,3.3,6.6,0.3,1.0,2.7,0.4,0.4,26.4,36.3,0.7,36.3,36.3,2.2,16.5,13.2,6.6,19.8,1.2,99.0,336.6,7.9,0.0,Returner,53
12,Marta Alsina,Washington State Cougars,wsu,G,5-11,So.,"Barcelona, Spain",Institut Joaquim Blume,https://d1gp0cqcpext3x.cloudfront.net/images/2025/10/9/Alsina__Marta.png?width=80&quality=90,marta alsina,Marta Alsina,Washington State,WCC,G,,,35.0,0.0,10.7,17.5,56.0,0.3,3.5,24.5,0.2,0.3,0.9,0.4,0.3,7.0,10.5,0.6,10.5,38.5,1.4,24.5,21.0,14.0,24.5,1.0,45.5,304.5,7.1,0.0,Returner,55
10,Charlotte Abraham,Washington State Cougars,wsu,G,6-0,So.,"Cambrai, France",Lycee Marguerite de Flandre,https://d1gp0cqcpext3x.cloudfront.net/images/2025/10/9/Abraham__Charlotte.png?width=80&quality=90,charlotte abraham,Charlotte Abraham,Washington State,WCC,G,,,32.0,6.0,16.8,57.6,160.0,0.4,35.2,105.6,0.3,0.7,1.6,0.4,0.5,19.2,25.6,0.7,25.6,64.0,2.7,19.2,9.6,3.2,35.2,2.5,172.8,316.8,7.4,0.0,Returner,54
1,Taija Sta. Maria,Pepperdine Waves,pepperdine,G,5-6,Jr.,"Toronto, Ontario, Canada",Fresno State,https://daitadul56i2n.cloudfront.net/images/2025/9/26/1_taija.jpg?width=80&quality=90,taija sta. maria,Taija Sta. Maria,Fresno St.,MWC,,Pepperdine,WCC,,,363.1,,,,,,,,,,,,,,,,33.0,46.0,12.0,2.0,,,64.0,361.2,,0.0,Transfer,48
54,Zawadi Ogot,Loyola Marymount Lions,lmu,G,5-11,So.,"Upland, CA",,https://d2vhz6gv4pigvw.cloudfront.net/images/2025/10/2/Zawadi_Ogot.jpg?width=80&quality=90,zawadi ogot,Zawadi Ogot,Loyola Marymount,WCC,G,,,27.0,17.0,19.3,37.8,99.9,0.4,0.0,0.0,0.0,1.4,3.6,0.4,0.4,13.5,18.9,0.7,35.1,37.8,2.8,13.5,13.5,5.4,24.3,1.7,91.8,295.6,8.6,0.0,Returner,56
6,Andjela Bigovic,Seattle U Redhawks,seattle,F,6-5,Graduate Student,"Herceg Novi, Montenegro",Cochise College / Tarleton State,https://goseattleu.com/imgproxy/ds2UsutAxUfSsMMBunNd2IIBY9_GXOiNYonQM8yQQzA/rs:fit:1980:0:0/g:ce/q:90/aHR0cHM6Ly9zdG9yYWdlLmdvb2dsZWFwaXMuY29tL2dvc2VhdHRsZXUtY29tLXByb2QvMjAyNS8xMC8wOS9EbzRuSnI2WWtHcW1uOGx1Y2xaY1RrV004Y0pzN0EySldpczdPbUYxLnBuZw.png,andjela bigovic,Andjela Bigovic,Tarleton St.,WCC,F,Seattle U,WCC,,,291.93,,,,,,,,,,,,,,,,54.0,11.0,8.0,9.0,,,77.0,278.8,,0.0,Transfer,58
4,Allison Clarke,Loyola Marymount Lions,lmu,G,5-11,So.,"Anaheim, CA",,https://d2vhz6gv4pigvw.cloudfront.net/images/2025/10/2/Allison_Clarke.jpg?width=80&quality=90,allison clarke,Allison Clarke,Loyola Marymount,WCC,G,,,30.0,15.0,25.3,51.0,144.0,0.4,42.0,120.0,0.3,0.3,0.7,0.4,0.5,21.0,24.0,0.8,3.0,21.0,0.8,24.0,15.0,6.0,15.0,1.3,165.0,342.0,7.1,0.0,Returner,52
21,Daria Nestorov,Pacific Tigers,pacific,G,5-4,So.,"Zrenjanin, Serbia",Gymnasium Kraljevo,https://pacifictigers.com/images/2025/10/20/Daria_Nestorov.png?width=80&quality=90,daria nestorov,Daria Nestorov,Pacific,WCC,G,,,29.0,2.0,13.8,43.5,107.3,0.4,17.4,43.5,0.4,0.9,2.1,0.4,0.5,17.4,17.4,0.9,2.9,23.2,0.9,31.9,17.4,0.0,46.4,1.1,121.8,287.1,6.6,0.0,Returner,57
13,Meghan Fiso,Pepperdine Waves,pepperdine,G,5-10,Gr.,"Seattle, WA",San Diego State,https://daitadul56i2n.cloudfront.net/images/2025/9/26/13_meghan.jpg?width=80&quality=90,meghan fiso,Meghan Fiso,San Diego St.,MWC,,Pepperdine,WCC,,,412.1,,,,,,,,,,,,,,,,40.0,17.0,9.0,5.0,,,58.0,250.0,,0.0,Transfer,60
2,Dyani Ananiev,Portland Pilots,portland,G,6-2,R-So.,"St. Andrews, Australia",Wyndham,https://portlandpilots.com/images/2025/10/15/Ananiev_Dyani26web.JPG?width=80&quality=90,dyani ananiev,Dyani Ananiev,Portland,WCC,F,,,10.0,0.0,19.0,28.0,72.0,0.4,16.0,44.0,0.4,1.2,2.8,0.4,0.5,2.0,2.0,1.0,9.0,22.0,3.1,11.0,18.0,6.0,13.0,1.6,74.0,261.0,18.6,0.0,Returner,59
22,Melesungu Afeaki,Saint Mary's Gaels,smc,F,6-2,Sr.,"San Bruno, CA",University of San Diego,https://duq7p5k7s6jsa.cloudfront.net/images/2024/10/5/Melesungu_Afeaki.png?width=80&quality=90,melesungu afeaki,Melesungu Afeaki,St. Mary's (CA),WCC,F,,,31.0,11.0,13.6,31.0,96.1,0.3,0.0,3.1,0.0,1.0,3.0,0.3,0.3,15.5,18.6,0.8,9.3,43.4,1.6,15.5,6.2,9.3,27.9,1.9,77.5,200.0,5.9,0.0,Returner,61
22,Alia Matavao,Loyola Marymount Lions,lmu,F,6-0,Jr.,"Las Vegas, NV",BYU,https://d2vhz6gv4pigvw.cloudfront.net/images/2025/10/2/Ali_a_Matavao.jpg?width=80&quality=90,alia matavao,Alia Matavao,Loyola Marymount,WCC,F,,,8.0,2.0,18.5,28.0,55.2,0.5,0.0,2.4,0.0,3.5,6.6,0.5,0.5,8.8,20.0,0.4,19.2,28.8,6.0,10.4,4.0,0.8,10.4,2.1,64.8,193.2,19.0,0.0,Returner,62
4,Charlece Ohiaeri,Saint Mary's Gaels,smc,G,6-1,Jr.,"Las Vegas, NV",Depaul,https://duq7p5k7s6jsa.cloudfront.net/images/2025/7/8/Charlece_Ohiaeri_Summer_Headshot.png?width=80&quality=90,charlece ohiaeri,Charlece Ohiaeri,DePaul,Big East,,Saint Mary's (CA),WCC,,,224.4,,,,,,,,,,,,,,,,34.0,10.0,4.0,3.0,,,56.0,181.2,,1.0,Transfer,63
42,Ella Zimmerman,Portland Pilots,portland,F/C,6-4,So.,"Redondo Beach, CA",Redondo Union HS,https://portlandpilots.com/images/2025/10/15/Zimmerman_Ella26web.JPG?width=80&quality=90,ella zimmerman,Ella Zimmerman,Portland,WCC,C,,,26.0,0.0,4.1,13.0,31.2,0.4,0.0,0.0,,0.5,1.2,0.4,0.4,5.2,7.8,0.8,5.2,20.8,1.1,2.6,2.6,7.8,5.2,0.4,31.2,120.9,3.9,0.0,Returner,64
2,Amy Kurkowski,Saint Mary's Gaels,smc,G,6-1,So.,"Melbourne, Australia",,https://duq7p5k7s6jsa.cloudfront.net/images/2024/10/5/Amy_Kurkowski.png?width=80&quality=90,amy kurkowski,Amy Kurkowski,St. Mary's (CA),WCC,G,,,16.0,4.0,15.1,16.0,43.2,0.4,6.4,30.4,0.2,0.6,0.8,0.7,0.5,4.8,8.0,0.6,3.2,22.4,1.6,9.6,3.2,6.4,16.0,1.1,44.8,100.8,5.2,0.0,Returner,65
10,Natalie Fraley,Portland Pilots,portland,G,6-0,Sr.,"Kelso, WA",Utah State / Kelso HS,https://portlandpilots.com/images/2025/10/15/Fraley_Natalie26web.JPG?width=80&quality=90,natalie fraley,Natalie Fraley,Portland,WCC,G,,,35.0,0.0,8.1,17.5,66.5,0.3,7.0,31.5,0.2,0.3,1.1,0.3,0.3,10.5,17.5,0.6,7.0,21.0,0.8,14.0,7.0,3.5,21.0,0.9,56.0,99.8,2.3,0.0,Returner,66
24,Sol Castro,San Francisco Dons,usf,F,6-1,Gr.,"Rio Colorado, Argentina",Robert Morris,https://drtye9aslmeh1.cloudfront.net/images/2025/10/14/24_Sol_Castro_Headshot.jpg?width=80&quality=90,sol castro,Sol Castro,San Francisco,WCC,F,,,4.0,0.0,13.3,9.2,18.0,0.5,0.0,0.0,,2.3,4.5,0.5,0.5,3.2,5.2,0.6,12.0,7.2,4.8,3.2,1.2,2.0,8.0,2.5,21.2,64.8,12.5,0.0,Returner,70
31,Cloe Vecina,Oregon State Beavers,osu,G,5-8,So.,"Vigo, Spain",,https://images.sidearmdev.com/crop?url=https%3A%2F%2Fdxbhsrqyrr690.cloudfront.net%2Fsidearm.nextgen.sites%2Foregonstate.sidearmsports.com%2Fimages%2F2024%2F10%2F2%2FWBB_Headshot-5.jpg&width=603&height=803&gravity=north&type=webp,cloe vecina,Cloe Vecina,Oregon State,WCC,G,,,25.0,0.0,6.4,10.0,27.5,0.3,0.0,10.0,0.1,0.3,0.7,0.4,0.4,10.0,10.0,0.8,5.0,7.5,0.5,12.5,12.5,0.0,32.5,0.4,27.5,67.5,2.0,0.0,Returner,68
12,Christabel Osarobo,Gonzaga Bulldogs,gonzaga,G,5-11,So.,"Tudela, Spain",Ipswich Basketball Academy,https://d2jpxbzntgxotn.cloudfront.net/images/2025/9/10/christabel_osarobo-7880-3.JPG?width=80&quality=90,christabel osarobo,Christabel Osarobo,Gonzaga,WCC,G,,,28.0,0.0,6.9,8.4,25.2,0.3,5.6,14.0,0.4,0.1,0.4,0.2,0.4,0.0,5.6,0.2,2.8,14.0,0.6,8.4,5.6,0.0,11.2,0.6,19.6,67.2,1.7,0.0,Returner,69
33,Ella Wedin,Saint Mary's Gaels,smc,G,6-1,R-So.,"Happy Valley, OR",LMU,https://duq7p5k7s6jsa.cloudfront.net/images/2024/10/5/Ella_Wedin.png?width=80&quality=90,ella wedin,Ella Wedin,St. Mary's (CA),WCC,G,,,9.0,0.0,19.1,14.4,36.9,0.4,11.7,34.2,0.4,0.2,0.3,0.7,0.5,1.8,1.8,1.0,0.0,11.7,1.3,3.6,3.6,1.8,6.3,1.2,42.3,79.6,5.1,0.0,Returner,67
2,Ellison Guiney,Pepperdine Waves,pepperdine,G,5-11,So.,"Goodyear, AZ",UNLV,https://daitadul56i2n.cloudfront.net/images/2025/9/26/2_guiney.jpg?width=80&quality=90,ellison guiney,Ellison Guiney,UNLV,MWC,,Pepperdine,WCC,,,59.4,,,,,,,,,,,,,,,,5.0,2.0,2.0,0.0,,,23.0,52.5,,0.0,Transfer,73
32,Tyla Fautua,Pacific Tigers,pacific,F,6-0,So.,"Brisbane, Australia",Southern Districts Spartans,https://pacifictigers.com/images/2025/10/20/Tyla_Fautua.png?width=80&quality=90,tyla fautua,Tyla Fautua,Pacific,WCC,F,,,21.0,0.0,6.5,6.3,27.3,0.2,0.0,0.0,,0.3,1.3,0.2,0.2,0.0,2.1,0.5,8.4,8.4,0.9,4.2,2.1,6.3,10.5,0.8,12.6,47.2,2.0,0.0,Returner,75
7,Tiffany Barbosa,Portland Pilots,portland,G,5-10,So.,"Stockholm, Sweden",RIG Lulea,https://portlandpilots.com/images/2025/10/15/Barbosa_Tiffany26web.jpg?width=80&quality=90,tiffany barbosa,Tiffany Barbosa,Portland,WCC,G,,,32.0,0.0,4.4,6.4,28.8,0.2,3.2,16.0,0.2,0.1,0.4,0.3,0.3,3.2,3.2,1.0,3.2,6.4,0.3,6.4,9.6,0.0,9.6,0.4,19.2,62.4,1.3,0.0,Returner,71
5,Jean Chiu,Washington State Cougars,wsu,G,5-7,Sr.,"Taipei, Taiwan",University of Taipei,https://d1gp0cqcpext3x.cloudfront.net/images/2025/10/9/Chiu__Jean.png?width=80&quality=90,jean chiu,Jean Chiu,Washington State,WCC,G,,,28.0,0.0,6.1,8.4,28.0,0.3,2.8,14.0,0.1,0.3,0.5,0.5,0.4,2.8,2.8,1.0,2.8,11.2,0.5,11.2,2.8,0.0,14.0,0.2,25.2,54.6,1.4,0.0,Returner,72
10,Susana Yepes,Oregon State Beavers,osu,F,6-0,R-Sr.,"Medellin, Colombia",,https://images.sidearmdev.com/crop?url=https%3A%2F%2Fdxbhsrqyrr690.cloudfront.net%2Fsidearm.nextgen.sites%2Foregonstate.sidearmsports.com%2Fimages%2F2024%2F10%2F2%2FWBB_Headshot-11.jpg&width=603&height=803&gravity=north&type=webp,susana yepes,Susana Yepes,Oregon State,WCC,F,,,25.0,0.0,7.0,7.5,30.0,0.2,5.0,27.5,0.2,0.0,0.2,0.2,0.3,2.5,2.5,1.0,0.0,17.5,0.7,7.5,0.0,0.0,2.5,0.2,22.5,37.5,1.4,0.0,Returner,77
2,Mari Somvichian,Loyola Marymount Lions,lmu,G,5-4,Jr.,"Oakland, CA",,https://d2vhz6gv4pigvw.cloudfront.net/images/2025/10/2/Mari_Somvichian.jpg?width=80&quality=90,mari somvichian,Mari Somvichian,Loyola Marymount,WCC,G,,,11.0,0.0,6.5,3.3,8.8,0.3,1.1,6.6,0.1,0.2,0.2,1.0,0.4,0.0,0.0,,2.2,7.7,0.9,6.6,3.3,0.0,5.5,0.7,6.6,47.8,3.2,0.0,Returner,74
30,Paula Reus Piza,Loyola Marymount Lions,lmu,F,6-1,Gr.,"Palma De Mallorca, Spain",New Mexico,https://d2vhz6gv4pigvw.cloudfront.net/images/2025/10/2/Paula_Reus_Piza.jpg?width=80&quality=90,paula reus piza,Paula Reus Piza,Loyola Marymount,WCC,F,,,1.0,1.0,32.0,3.0,7.0,0.4,0.0,1.0,0.0,3.0,6.0,0.5,0.4,1.0,4.0,0.2,1.0,6.0,7.0,4.0,1.0,2.0,2.0,0.0,7.0,40.5,35.0,0.0,Returner,76
15,Lizzy Williamson,Oregon State Beavers,osu,F,6-5,Gr.,"Adelaide, Australia",,https://images.sidearmdev.com/crop?url=https%3A%2F%2Fdxbhsrqyrr690.cloudfront.net%2Fsidearm.nextgen.sites%2Foregonstate.sidearmsports.com%2Fimages%2F2025%2F5%2F16%2F25WBB_Recruit_Lizzy_Williamson_0037.jpg&width=603&height=803&gravity=north&type=webp,lizzy williamson,Lizzy Williamson,NC State,ACC,,Oregon St.,WCC,,,34.0,,,,,,,,,,,,,,,,10.0,0.0,1.0,0.0,,,8.0,27.5,,1.0,Transfer,78
10,Lauren Grover,Santa Clara Broncos,santa clara,F,6-1,Sr.,"Corona, CA",,https://santaclarabroncos.com/images/2025/9/18/grover_laurenDJR13261.JPG?width=80&quality=90,lauren grover,Lauren Grover,Santa Clara,WCC,F,,,5.0,0.0,3.8,2.0,8.0,0.2,0.0,0.0,,0.4,1.6,0.2,0.2,2.0,3.0,0.7,5.0,5.0,2.0,0.0,1.0,0.0,1.0,0.6,6.0,19.5,3.6,0.0,Returner,79
32,Néné Sow,Oregon State Beavers,osu,C,6-8,R-Sr.,"Brussels, Belgium",,https://images.sidearmdev.com/crop?url=https%3A%2F%2Fdxbhsrqyrr690.cloudfront.net%2Fsidearm.nextgen.sites%2Foregonstate.sidearmsports.com%2Fimages%2F2025%2F5%2F12%2F25WBB_Recruit_Ne_ne__Sow_0060.jpg&width=603&height=803&gravity=north&type=webp,nene sow,Nene Sow,Utah,Big 12,,Oregon St.,WCC,,,20.4,,,,,,,,,,,,,,,,6.0,0.0,0.0,1.0,,,6.0,18.8,,1.0,Transfer,80
24,Reilly Clark,Santa Clara Broncos,santa clara,G,5-10,R-So.,"Tucson, AZ",,https://santaclarabroncos.com/images/2025/9/18/clark_reillyDJR13192.JPG?width=80&quality=90,reilly clark,Reilly Clark,Northern Ariz.,Big Sky,,Santa Clara,WCC,,,28.3,,,,,,,,,,,,,,,,6.0,0.0,1.0,0.0,,,5.0,18.8,,0.0,Transfer,80
3,Bella Green,Pepperdine Waves,pepperdine,G,6-0,Graduate,"Perth, Australia",University of West Florida,https://daitadul56i2n.cloudfront.net/images/2025/9/26/3_green.jpg?width=80&quality=90,bella green,,,,,,,,,,,,,,,,,,,,,,,,,,,,,,,,0.0,,,,90
4,Meghan McIntyre,San Francisco Dons,usf,G,5-6,Graduate,"Garden Grove, Calif.",Southern Oregon/Orange Coast CC/Golden West CC,https://drtye9aslmeh1.cloudfront.net/images/2025/10/14/4_Meghan_McIntyre_Headshot.jpg?width=80&quality=90,meghan mcintyre,,,,,,,,,,,,,,,,,,,,,,,,,,,,,,,,0.0,,,,90
14,Tamia Stricklin,Seattle U Redhawks,seattle,F,6-0,R-Senior,"Renton, WA",Fresno State,https://goseattleu.com/imgproxy/hqdnYu8VbJjGaIhA0nssmoz8bxDh7cCPZKb3zncEwM4/rs:fit:1980:0:0/g:ce/q:90/aHR0cHM6Ly9zdG9yYWdlLmdvb2dsZWFwaXMuY29tL2dvc2VhdHRsZXUtY29tLXByb2QvMjAyNS8xMC8wOS9qT3o1QmpZSnVodGU0TnVub0dXUDAwQ3dFellYalM3UEZWbnpsSmR5LnBuZw.png,tamia stricklin,,,,,,,,,,,,,,,,,,,,,,,,,,,,,,,,0.0,,,,90
3,Hannah Burg,Pacific Tigers,pacific,G,5-6,Senior,"Colorado Springs, CO",Augustana (SD),https://pacifictigers.com/images/2025/10/20/Hannah_Burg.png?width=80&quality=90,hannah burg,,,,,,,,,,,,,,,,,,,,,,,,,,,,,,,,0.0,,,,90
11,Luisa Anderegg,Pacific Tigers,pacific,F,6-2,Sr.,"Cologne, Germany",Midland College,https://pacifictigers.com/images/2025/10/20/Luisa_Anderegg.png?width=80&quality=90,luisa anderegg,Luisa Anderegg,Pacific,WCC,F,,,13.0,1.0,8.6,3.9,23.4,0.2,1.3,11.7,0.1,0.2,0.9,0.2,0.2,1.3,2.6,0.5,5.2,6.5,0.8,9.1,0.0,0.0,7.8,0.4,10.4,11.7,0.9,0.0,Returner,83
7,Ana Milanovic,Loyola Marymount Lions,lmu,F,6-2,So.,"Belgrade, Serbia",Middle Tennessee,https://d2vhz6gv4pigvw.cloudfront.net/images/2025/10/2/Ana_Milanovic.jpg?width=80&quality=90,ana milanovic,Ana Milanovic,Middle Tenn.,CUSA,,LMU (CA),WCC,,,21.6,,,,,,,,,,,,,,,,4.0,1.0,1.0,0.0,,,2.0,16.2,,0.0,Transfer,82
5,Stella Szabo,Pacific Tigers,pacific,G,5-11,R-So.,"Stockholm, Sweden",Luleaa Gymnasieskola,https://pacifictigers.com/images/2025/10/20/Stella_Szabo.png?width=80&quality=90,stella szabo,Stella Szabo,Pacific,WCC,G,,,22.0,2.0,9.0,11.0,44.0,0.2,4.4,30.8,0.2,0.3,0.6,0.5,0.3,2.2,4.4,0.8,11.0,11.0,1.1,4.4,2.2,0.0,11.0,0.7,30.8,9.9,0.5,0.0,Returner,84
12,Shorna Preston,Pepperdine Waves,pepperdine,F,6-1,Junior,"Christchurch, New Zealand",Dodge City Community College,https://daitadul56i2n.cloudfront.net/images/2025/9/26/12_Shorna.jpg?width=80&quality=90,shorna preston,,,,,,,,,,,,,,,,,,,,,,,,,,,,,,,,0.0,,,,90
23,Addi Wedin,Saint Mary's Gaels,smc,G,5-10,R-Junior,"Happy Valley, OR",,https://duq7p5k7s6jsa.cloudfront.net/images/2024/10/17/AW.jpg?width=80&quality=90,addi wedin,,,,,,,,,,,,,,,,,,,,,,,,,,,,,,,,0.0,,,,90
24,Kayla Jones,Loyola Marymount Lions,lmu,F,6-0,Junior,"Norman, OK",Grayson College,https://d2vhz6gv4pigvw.cloudfront.net/images/2025/10/2/Kayla_Jones.jpg?width=80&quality=90,kayla jones,,,,,,,,,,,,,,,,,,,,,,,,,,,,,,,,0.0,,,,90
12,Mackenzie Shivers,Oregon State Beavers,osu,G,5-6,R-Junior,"Mesa, AZ",,https://images.sidearmdev.com/crop?url=https%3A%2F%2Fdxbhsrqyrr690.cloudfront.net%2Fsidearm.nextgen.sites%2Foregonstate.sidearmsports.com%2Fimages%2F2024%2F10%2F2%2FWBB_Headshot-8.jpg&width=603&height=803&gravity=north&type=webp,mackenzie shivers,,,,,,,,,,,,,,,,,,,,,,,,,,,,,,,,0.0,,,,90
24,Sydnie Rodriguez,Seattle U Redhawks,seattle,G,6-0,Sophomore,"Boise, ID",Owhyee HS,https://goseattleu.com/imgproxy/coiLDNnfD4ptGSHU6KNsQGAz0cK2mGzljSZiA1gw3wc/rs:fit:1980:0:0/g:ce/q:90/aHR0cHM6Ly9zdG9yYWdlLmdvb2dsZWFwaXMuY29tL2dvc2VhdHRsZXUtY29tLXByb2QvMjAyNS8xMC8wOS85RENVaGt6T2NWaUlaMWMySEJLck1YeTM4a1Q4aWN3RnhJRHBzQzlzLnBuZw.png,sydnie rodriguez,,,,,,,,,,,,,,,,,,,,,,,,,,,,,,,,0.0,,,,90
3,Florence Dallow,Portland Pilots,portland,G,6-2,R-Sophomore,"Auckland, New Zealand",Epsom Girls Grammar School,https://portlandpilots.com/images/2025/10/15/Dallow_Florence26web.JPG?width=80&quality=90,florence dallow,,,,,,,,,,,,,,,,,,,,,,,,,,,,,,,,0.0,,,,90
22,Lucy Larson,Seattle U Redhawks,seattle,G,5-10,Sophomore,"Seattle, WA",,https://goseattleu.com/imgproxy/dR1mTc9WB43roTFVu20B6gcm0knq8UA90sb7kmGCh0Y/rs:fit:1980:0:0/g:ce/q:90/aHR0cHM6Ly9zdG9yYWdlLmdvb2dsZWFwaXMuY29tL2dvc2VhdHRsZXUtY29tLXByb2QvMjAyNS8xMC8wOS8zWXVFQnJjUkFCSzJ6VVB2ejhTQnFFdHY0M0o4clh1WVAyUnRqSlZ3LnBuZw.png,lucy larson,,,,,,,,,,,,,,,,,,,,,,,,,,,,,,,,0.0,,,,90
22,Paula Tirado,San Francisco Dons,usf,G,5-7,R-Sophomore,"Mataro, Spain",IES Damia Campeny,https://drtye9aslmeh1.cloudfront.net/images/2025/10/14/22_Paula_Tirado_Headshot.jpg?width=80&quality=90,paula tirado,,,,,,,,,,,,,,,,,,,,,,,,,,,,,,,,0.0,,,,90
23,Kenlee Durrill,Pacific Tigers,pacific,G,5-10,R-Sophomore,"Denver, CO",Flat Irons,https://pacifictigers.com/images/2025/10/20/Kenlee_Durrill.png?width=80&quality=90,kenlee durrill,,,,,,,,,,,,,,,,,,,,,,,,,,,,,,,,0.0,,,,90
4,Fia Proctor,Seattle U Redhawks,seattle,F,6-2,Sophomore,"Bothell, WA",Wyoming,https://goseattleu.com/imgproxy/lT84Eiib8dxXLjZTLzwcEEjJ57UGhnWaudg-BO-H7HA/rs:fit:1980:0:0/g:ce/q:90/aHR0cHM6Ly9zdG9yYWdlLmdvb2dsZWFwaXMuY29tL2dvc2VhdHRsZXUtY29tLXByb2QvMjAyNS8xMC8wOS9MNzlmZG5sVG5ROXRNQzVnR3dCUnJkV09lakFQcDVIRGFDYWZKaWxXLnBuZw.png,fia proctor,Fia Proctor,Wyoming,MWC,F,Seattle U,WCC,,,,,,,,,,,,,,,,,,,,,,,,,,0.0,,0.0,Transfer,90
10,Lova Lagerlid,Loyola Marymount Lions,lmu,G,6-1,So.,"Stockholm, Sweden",Colorado,https://d2vhz6gv4pigvw.cloudfront.net/images/2025/10/2/Lova_Lagerlid.jpg?width=80&quality=90,lova lagerlid,Lova Lagerlid,Colorado,Big 12,,LMU (CA),WCC,,,9.4,,,,,,,,,,,,,,,,2.0,0.0,1.0,0.0,,,0.0,7.5,,1.0,Transfer,85
24,LaMiracle Lebon,Pacific Tigers,pacific,F,6-3,Freshman,"Columbus, MS",Vanden HS,https://pacifictigers.com/images/2025/10/20/LaMiracle_Lebon.png?width=80&quality=90,lamiracle lebon,,,,,,,,,,,,,,,,,,,,,,,,,,,,,,,,0.0,,,,90
32,Sophia Priestley,San Francisco Dons,usf,F,6-2,Freshman,"Oslo, Norway",Ullern IF Oslo,https://drtye9aslmeh1.cloudfront.net/images/2025/10/14/32_Sophia_Priestley_Headshot.jpg?width=80&quality=90,sophia priestley,,,,,,,,,,,,,,,,,,,,,,,,,,,,,,,,0.0,,,,90
3,Noelia Mourino,San Francisco Dons,usf,F,6-2,Freshman,"O Porrino, Spain",Segle XXI Barcelona,https://drtye9aslmeh1.cloudfront.net/images/2025/10/14/3_Noelia_Mourino_Headshot.jpg?width=80&quality=90,noelia mourino,,,,,,,,,,,,,,,,,,,,,,,,,,,,,,,,0.0,,,,90
8,Sophia Mindermann,Pacific Tigers,pacific,G,5-10,Freshman,"Folsom, CA",Folsom HS,https://pacifictigers.com/images/2025/10/20/Sophia_Mindermann.png?width=80&quality=90,sophia mindermann,,,,,,,,,,,,,,,,,,,,,,,,,,,,,,,,0.0,,,,90
9,Aina Cargol,San Francisco Dons,usf,G,5-9,Freshman,"Olot, Spain",Spar Girona,https://drtye9aslmeh1.cloudfront.net/images/2025/10/14/9_Aina_Cargol_Headshot.jpg?width=80&quality=90,aina cargol,,,,,,,,,,,,,,,,,,,,,,,,,,,,,,,,0.0,,,,90
10,Amy Pateman,San Francisco Dons,usf,G,5-8,Freshman,"Auckland, New Zealand",Westlake Girls High School,https://drtye9aslmeh1.cloudfront.net/images/2025/10/14/10_Amy_Pateman_Headshot.jpg?width=80&quality=90,amy pateman,,,,,,,,,,,,,,,,,,,,,,,,,,,,,,,,0.0,,,,90
7,Liv Yergensen,Pacific Tigers,pacific,G,5-11,Freshman,"El Dorado Hills, CA",Oak Ridge HS,https://pacifictigers.com/images/2025/10/20/Liv_Yergensen.png?width=80&quality=90,liv yergensen,,,,,,,,,,,,,,,,,,,,,,,,,,,,,,,,0.0,,,,90
12,Natasa Tausova,San Francisco Dons,usf,F,6-3,Freshman,"Poprad, Slovakia",Piestanske Cajky,https://drtye9aslmeh1.cloudfront.net/images/2025/10/14/12_Natasa_Tausova_Headshot.jpg?width=80&quality=90,natasa tausova,,,,,,,,,,,,,,,,,,,,,,,,,,,,,,,,0.0,,,,90
20,Delainey Miller,Santa Clara Broncos,santa clara,G,5-10,Freshman,"Aurora, CO",,https://santaclarabroncos.com/images/2025/9/18/miller_delaneyDJR13189.JPG?width=80&quality=90,delainey miller,,,,,,,,,,,,,,,,,,,,,,,,,,,,,,,,0.0,,,,90
15,Keandra Koorits,Washington State Cougars,wsu,G/F,6-2,R-Freshman,"Tallinn, Estonia",Audentes Sports Gymnasium,https://d1gp0cqcpext3x.cloudfront.net/images/2025/10/9/Koorits__Keandra.png?width=80&quality=90,keandra koorits,,,,,,,,,,,,,,,,,,,,,,,,,,,,,,,,0.0,,,,90
1,Malvina Haziri,Washington State Cougars,wsu,G,5-9,Freshman,"Vushtrria, Kosovo",KBF Prishtina,https://d1gp0cqcpext3x.cloudfront.net/images/2025/10/9/Haziri__Malvina.png?width=80&quality=90,malvina haziri,,,,,,,,,,,,,,,,,,,,,,,,,,,,,,,,0.0,,,,90
6,Tahara Magassa,Washington State Cougars,wsu,F,6-4,Freshman,"Paris, France",Saint-Amand Hainut,https://dxbhsrqyrr690.cloudfront.net/sidearm.nextgen.sites/wsu.sidearmsports.com/images/responsive_2020/logo_main.svg,tahara magassa,,,,,,,,,,,,,,,,,,,,,,,,,,,,,,,,0.0,,,,90
9,Tanja Valancic,Washington State Cougars,wsu,F,6-0,Freshman,"Ljubljana, Slovenia",Akson Ilirija,https://d1gp0cqcpext3x.cloudfront.net/images/2025/10/9/Valancic__Tanja.png?width=80&quality=90,tanja valancic,,,,,,,,,,,,,,,,,,,,,,,,,,,,,,,,0.0,,,,90
55,Malia Ruud,Washington State Cougars,wsu,F,6-2,Freshman,"Pasco, Wash.",Chiawana HS,https://d1gp0cqcpext3x.cloudfront.net/images/2025/10/9/Ruud__Malia.png?width=80&quality=90,malia ruud,,,,,,,,,,,,,,,,,,,,,,,,,,,,,,,,0.0,,,,90
0,Goundo Diakite Bayo,Portland Pilots,portland,F,6-1,Freshman,"Barcelona, Spain",IES Carles Vallbona,https://portlandpilots.com/images/2025/10/15/Diakite_Goundoba26web.JPG?width=80&quality=90,goundo diakite bayo,,,,,,,,,,,,,,,,,,,,,,,,,,,,,,,,0.0,,,,90
5,Aubrey Herrin,Portland Pilots,portland,G,6-1,Freshman,"Kennewick, WA",Kamiakin HS,https://portlandpilots.com/images/2025/10/15/Herrin_Aubrey26web.JPG?width=80&quality=90,aubrey herrin,,,,,,,,,,,,,,,,,,,,,,,,,,,,,,,,0.0,,,,90
9,Jada Kennedy,Portland Pilots,portland,C,6-5,Freshman,"Melbourne, Australia",Siena College,https://portlandpilots.com/images/2025/10/15/Kennedy_Jada26web.JPG?width=80&quality=90,jada kennedy,,,,,,,,,,,,,,,,,,,,,,,,,,,,,,,,0.0,,,,90
12,Brynn Smith,Portland Pilots,portland,G,6-0,Freshman,"Eugene, OR",Willamette HS,https://portlandpilots.com/images/2025/10/15/Smith_Brynn26web.JPG?width=80&quality=90,brynn smith,,,,,,,,,,,,,,,,,,,,,,,,,,,,,,,,0.0,,,,90
14,Caitlin Monahan,Portland Pilots,portland,G,5-10,R-Freshman,"Mercer Island, WA",Mercer Island HS,https://portlandpilots.com/images/2025/10/15/Monahan_Caitlyn26web.JPG?width=80&quality=90,caitlin monahan,,,,,,,,,,,,,,,,,,,,,,,,,,,,,,,,0.0,,,,90
35,Camille Dake,Portland Pilots,portland,G,6-0,Freshman,"Vista, CA",Rancho Buena Vista HS,https://portlandpilots.com/images/2025/10/15/Dake_Camille26web.jpg?width=80&quality=90,camille dake,,,,,,,,,,,,,,,,,,,,,,,,,,,,,,,,0.0,,,,90
24,Colleena Bryant,Saint Mary's Gaels,smc,G,5-7,Freshman,"Detroit, MI",,https://duq7p5k7s6jsa.cloudfront.net/images/2025/7/8/Colleena_Bryant_Summer_Headshot.png?width=80&quality=90,colleena bryant,,,,,,,,,,,,,,,,,,,,,,,,,,,,,,,,0.0,,,,90
44,Julia Dalan,Portland Pilots,portland,C/F,6-3,Freshman,"Centralia, WA",W.F. West HS,https://portlandpilots.com/images/2025/10/15/Dalan_Julia26web.JPG?width=80&quality=90,julia dalan,,,,,,,,,,,,,,,,,,,,,,,,,,,,,,,,0.0,,,,90
11,Coco Urlacher,Saint Mary's Gaels,smc,G,5-10,Freshman,"Palatine, IL",,https://duq7p5k7s6jsa.cloudfront.net/images/2025/7/8/Coco_Urlacher_Summer_Headshot.png?width=80&quality=90,coco urlacher,,,,,,,,,,,,,,,,,,,,,,,,,,,,,,,,0.0,,,,90
1,Paige Lofing,Gonzaga Bulldogs,gonzaga,G,5-9,Freshman,"Billings, MT",,https://d2jpxbzntgxotn.cloudfront.net/images/2025/9/10/paige_lofing-2059.JPG?width=80&quality=90,paige lofing,,,,,,,,,,,,,,,,,,,,,,,,,,,,,,,,0.0,,,,90
5,Dylan Mogel,Seattle U Redhawks,seattle,G,5-9,Freshman,"Clackamas, OR",,https://goseattleu.com/imgproxy/GjzClbkFb4-W9mtTVxl3VaZ_1ZrH0WCOQzp4uRrZF3I/rs:fit:1980:0:0/g:ce/q:90/aHR0cHM6Ly9zdG9yYWdlLmdvb2dsZWFwaXMuY29tL2dvc2VhdHRsZXUtY29tLXByb2QvMjAyNS8xMC8wOS9TUWt3dnhLbXM5VHFUeGVCY2dCenlwc0ZnMmdkbWdiY3JVQTZzN2xxLnBuZw.png,dylan mogel,,,,,,,,,,,,,,,,,,,,,,,,,,,,,,,,0.0,,,,90
8,Chloe Emanga,Seattle U Redhawks,seattle,G,5-9,Freshman,"Marbach Am Neckar, Germany",BasCats USC Heidelberg,https://goseattleu.com/imgproxy/CfoRoMa7CQBDPXJA4SEv1d8OKSy4StWqGvLxTi4JMhE/rs:fit:1980:0:0/g:ce/q:90/aHR0cHM6Ly9zdG9yYWdlLmdvb2dsZWFwaXMuY29tL2dvc2VhdHRsZXUtY29tLXByb2QvMjAyNS8xMC8wOS82UEdENGZvZk16NVFVNFA5c01DWVBOQjhaWFo5T1NPRzc4SVVpa0dvLnBuZw.png,chloe emanga,,,,,,,,,,,,,,,,,,,,,,,,,,,,,,,,0.0,,,,90
9,Jana Vesic,Seattle U Redhawks,seattle,G,5-7,Freshman,"Belgrade, Serbia",,https://goseattleu.com/imgproxy/TRnpsePGP3bf6OKdSgsSEGk-j81iVKC0DE6AWhSOSU0/rs:fit:1980:0:0/g:ce/q:90/aHR0cHM6Ly9zdG9yYWdlLmdvb2dsZWFwaXMuY29tL2dvc2VhdHRsZXUtY29tLXByb2QvMjAyNS8xMC8wOS9VR2ZLc3FydXkyV0Z1MkZiTkk0Q0pySkhld3cyM1VEZVhHMWs3ZVMxLnBuZw.png,jana vesic,,,,,,,,,,,,,,,,,,,,,,,,,,,,,,,,0.0,,,,90
2,Katelyn Field,Oregon State Beavers,osu,G,5-11,Freshman,"Melbourne, Australia",,https://images.sidearmdev.com/crop?url=https%3A%2F%2Fdxbhsrqyrr690.cloudfront.net%2Fsidearm.nextgen.sites%2Foregonstate.sidearmsports.com%2Fimages%2F2025%2F5%2F12%2FKF_Headshot.jpg&width=603&height=803&gravity=north&type=webp,katelyn field,,,,,,,,,,,,,,,,,,,,,,,,,,,,,,,,0.0,,,,90
22,Lara Alonso-Basurto,Oregon State Beavers,osu,F,6-3,Freshman,"Madrid, Spain",,https://upload.wikimedia.org/wikipedia/en/1/1b/Oregon_State_Beavers_logo.svg,lara alonso-basurto,,,,,,,,,,,,,,,,,,,,,,,,,,,,,,,,0.0,,,,90
25,Keira Lindemans,Oregon State Beavers,osu,G,6-0,Freshman,"Melbourne, Australia",,https://images.sidearmdev.com/crop?url=https%3A%2F%2Fdxbhsrqyrr690.cloudfront.net%2Fsidearm.nextgen.sites%2Foregonstate.sidearmsports.com%2Fimages%2F2025%2F5%2F12%2FKL_Headshot.jpg&width=603&height=803&gravity=north&type=webp,keira lindemans,,,,,,,,,,,,,,,,,,,,,,,,,,,,,,,,0.0,,,,90
10,Ilinca Belegante,Pepperdine Waves,pepperdine,G,6-0,Freshman,"Bucharest, Romania",,https://daitadul56i2n.cloudfront.net/images/2025/9/26/10_Ilinca.jpg?width=80&quality=90,ilinca belegante,,,,,,,,,,,,,,,,,,,,,,,,,,,,,,,,0.0,,,,90
11,Quinn VanSickle,Pepperdine Waves,pepperdine,G,5-8,Freshman,"Castle Rock, CO",,https://daitadul56i2n.cloudfront.net/images/2025/9/26/11_quinn.jpg?width=80&quality=90,quinn vansickle,,,,,,,,,,,,,,,,,,,,,,,,,,,,,,,,0.0,,,,90
30,Seleh Harmon,Pepperdine Waves,pepperdine,G,5-10,Freshman,"Norman, OK",,https://daitadul56i2n.cloudfront.net/images/2025/9/26/30_seleh.jpg?width=80&quality=90,seleh harmon,,,,,,,,,,,,,,,,,,,,,,,,,,,,,,,,0.0,,,,90
44,Zoe Shanahan,Pepperdine Waves,pepperdine,F,6-2,Freshman,"Melbourne, Australia",,https://daitadul56i2n.cloudfront.net/images/2025/9/26/44_Zoe.jpg?width=80&quality=90,zoe shanahan,,,,,,,,,,,,,,,,,,,,,,,,,,,,,,,,0.0,,,,90
3,Julia Wilson,Gonzaga Bulldogs,gonzaga,G,5-10,Freshman,"Temecula, CA",Rancho Christian HS,https://d2jpxbzntgxotn.cloudfront.net/images/2025/9/10/julia_wilson-7070.JPG?width=80&quality=90,julia wilson,,,,,,,,,,,,,,,,,,,,,,,,,,,,,,,,0.0,,,,90
23,Jaiden Haile,Gonzaga Bulldogs,gonzaga,F,6-2,Freshman,"Fargo, ND",West Fargo Horace HS,https://d2jpxbzntgxotn.cloudfront.net/images/2025/9/10/jaiden_haile.JPG?width=80&quality=90,jaiden haile,,,,,,,,,,,,,,,,,,,,,,,,,,,,,,,,0.0,,,,90
33,Lauren Whittaker,Gonzaga Bulldogs,gonzaga,F,6-3,R-Freshman,"Canterbury, New Zealand",,https://d2jpxbzntgxotn.cloudfront.net/images/2025/9/10/lauren_whittaker-1119.JPG?width=80&quality=90,lauren whittaker,,,,,,,,,,,,,,,,,,,,,,,,,,,,,,,,0.0,,,,90
3,Kate Schat,Santa Clara Broncos,santa clara,G,5-9,Freshman,"Redwood Valley, CA",,https://santaclarabroncos.com/images/2025/9/18/schat_katieDJR13224.JPG?width=80&quality=90,kate schat,,,,,,,,,,,,,,,,,,,,,,,,,,,,,,,,0.0,,,,90
4,Maddy Warberg,Santa Clara Broncos,santa clara,G,5-11,Freshman,"Eugene, OR",,https://santaclarabroncos.com/images/2025/9/18/warberg_maddyDJR13195.JPG?width=80&quality=90,maddy warberg,,,,,,,,,,,,,,,,,,,,,,,,,,,,,,,,0.0,,,,90
5,Sara Schmerbach,Santa Clara Broncos,santa clara,G,5-11,Freshman,"South Medford, OR",,https://santaclarabroncos.com/images/2025/9/18/schimerbach_saraDJR13228.JPG?width=80&quality=90,sara schmerbach,,,,,,,,,,,,,,,,,,,,,,,,,,,,,,,,0.0,,,,90
6,Sienna Grieger,Santa Clara Broncos,santa clara,G,5-9,Freshman,"West Adelaide, Australia",,https://santaclarabroncos.com/images/2025/9/18/grieger_siennaDJR13186.JPG?width=80&quality=90,sienna grieger,,,,,,,,,,,,,,,,,,,,,,,,,,,,,,,,0.0,,,,90
34,Tyler Gildersleeve-Stiles,Santa Clara Broncos,santa clara,F,6-1,Freshman,"Snohomish, WA",,https://images.sidearmdev.com/resize?url=https%3a%2f%2fdbukjj6eu5tsf.cloudfront.net%2fsidearm.sites%2fsantaclara.sidearmsports.com%2fimages%2f2025%2f9%2f18%2fgildersleevestiles_tylerDJR13266_mSdFb.JPG&width=80&type=webp&quality=90,tyler gildersleeve-stiles,,,,,,,,,,,,,,,,,,,,,,,,,,,,,,,,0.0,,,,90
7,Lucija Milkovic,Seattle U Redhawks,seattle,C,6-6,Junior,"Sibenik, Croatia",Missouri,https://goseattleu.com/imgproxy/Y2iEJjG--ZJ35FBiK4Lfio9DERkR5zXEcJ3JCMnnyuc/rs:fit:1980:0:0/g:ce/q:90/aHR0cHM6Ly9zdG9yYWdlLmdvb2dsZWFwaXMuY29tL2dvc2VhdHRsZXUtY29tLXByb2QvMjAyNS8xMC8wOS9tZktnSEdkYmZETFdsa0FyeG8xbnpleDd1MWUzd0dtZjlwclpUUTdiLnBuZw.png,lucija milkovic,Lucija Milkovic,Missouri,SEC,F,Seattle U,WCC,,,15.78,,,,,,,,,,,,,,,,0.0,0.0,0.0,0.0,,,3.0,3.8,,1.0,Transfer,88
2,Mali Ennis,Pacific Tigers,pacific,G,5-10,Sr.,"Burlingame, CA",Saint Mary's College,https://pacifictigers.com/images/2025/10/20/Mali_Ennis.png?width=80&quality=90,mali ennis,Mali Ennis,St. Mary's (CA),WCC,G,,,6.0,0.0,2.2,0.0,0.0,,0.0,0.0,,0.0,0.0,,,0.0,0.0,,0.0,0.0,0.0,1.2,0.0,0.0,0.0,0.2,0.0,4.5,0.5,0.0,Transfer,87
16,Elisa Mehyar,Oregon State Beavers,osu,F,6-5,So.,"Copenhagen, Denmark",,https://images.sidearmdev.com/crop?url=https%3A%2F%2Fdxbhsrqyrr690.cloudfront.net%2Fsidearm.nextgen.sites%2Foregonstate.sidearmsports.com%2Fimages%2F2024%2F10%2F2%2FWBB_Headshot-10.jpg&width=603&height=803&gravity=north&type=webp,elisa mehyar,Elisa Mehyar,Oregon State,WCC,C,,,7.0,0.0,2.3,0.7,2.8,0.3,0.0,0.0,,0.1,0.4,0.3,0.3,0.0,0.0,,2.8,0.7,0.6,0.0,0.0,0.0,0.0,0.4,2.1,6.3,0.3,0.0,Returner,86
13,Ivana Krajina,Loyola Marymount Lions,lmu,G,5-11,Sr.,"Kastel Novi, Croatia",Texas Tech,https://d2vhz6gv4pigvw.cloudfront.net/images/2025/10/2/Ivana_Krajina.jpg?width=80&quality=90,ivana krajina,Ivana Krajina,Texas Tech,Big 12,,LMU (CA),WCC,,,10.9,,,,,,,,,,,,,,,,1.0,0.0,0.0,0.0,,,0.0,1.2,,1.0,Transfer,89
7,Lucia Navarro,Oregon State Beavers,osu,G,6-0,Jr.,"Valencia, Spain",,https://images.sidearmdev.com/crop?url=https%3A%2F%2Fdxbhsrqyrr690.cloudfront.net%2Fsidearm.nextgen.sites%2Foregonstate.sidearmsports.com%2Fimages%2F2024%2F10%2F2%2FWBB_Headshot-12.jpg&width=603&height=803&gravity=north&type=webp,lucia navarro,Lucia Navarro,Oregon State,WCC,F,,,10.0,0.0,4.0,0.0,7.0,0.0,0.0,5.0,0.0,0.0,0.2,0.0,0.0,3.0,4.0,0.8,3.0,5.0,0.8,2.0,0.0,0.0,4.0,0.6,3.0,-6.0,0.1,0.0,Returner,147
2,Vera Gunaydin,Gonzaga Bulldogs,gonzaga,G,5-9,Sr.,"Ankara, Turkey",South Georgia Tech,https://d2jpxbzntgxotn.cloudfront.net/images/2025/9/10/vera_gunaydin-7778.JPG?width=80&quality=90,vera gunaydin,Vera Gunaydin,Gonzaga,WCC,G,,,17.0,0.0,4.1,1.7,20.4,0.0,1.7,11.9,0.1,0.0,0.5,0.0,0.1,0.0,0.0,,3.4,3.4,0.5,3.4,1.7,1.7,3.4,0.1,3.4,-0.0,-0.3,0.0,Returner,146
