#,Full Name,FullTeamName,Pos.,Ht.,Year,Hometown,userteam,FantasyPts_sum,FantasyPts_mean,rank_pos,rank_global,GP,MIN_mean,PTS_mean,REB_mean,AST_mean,STL_mean,BLK_mean,3PM_mean,3PA_mean,FTM_mean,TO_mean,FGM_mean,FGA_mean,OREB_sum,OREB_mean,DREB_sum,DREB_mean,MIN_sum,PTS_sum,REB_sum,AST_sum,STL_sum,BLK_sum,TO_sum,FGM_sum,FGA_sum,3PM_sum,3PA_sum,FTM_sum,FTA_sum,FTA_mean,Previous School,clean_name,Player,Team_prev,Previous Conf,Team,NewTeam,NewConf,ImageURL
12,Sophie Glancey,Santa Clara Broncos,F,6-2,Gr.,"Boise, ID",UserTeam1,25.0,25.0,4.0,20.5,1.0,10.0,11.0,5.0,1.0,0.0,2.0,0.0,1.0,1.0,0.0,5.0,7.0,3.0,3.0,2.0,2.0,10.0,11.0,5.0,1.0,0.0,2.0,0.0,5.0,7.0,0.0,1.0,1.0,4.0,4.0,0,sophie glancey,Sophie Glancey,Northern Ariz.,Big Sky,santa clara,Santa Clara,WCC,https://santaclarabroncos.com/images/2025/9/18/glancey_sophieDJR13209_dcKrR.JPG?width=80&quality=90
23,Ashley Hawkins,Santa Clara Broncos,G,5-6,Gr.,"Long Beach, CA",UserTeam2,47.0,47.0,1.0,2.0,1.0,22.0,16.0,8.0,6.0,2.0,0.0,4.0,9.0,2.0,1.0,5.0,11.0,1.0,1.0,7.0,7.0,22.0,16.0,8.0,6.0,2.0,0.0,1.0,5.0,11.0,4.0,9.0,2.0,2.0,2.0,0,ashley hawkins,Ashley Hawkins,Gardner-Webb,Big South,santa clara,Santa Clara,WCC,https://santaclarabroncos.com/images/2025/9/18/hawkins_ashleyDJR13268.JPG?width=80&quality=90
55,Maya Hernandez,Loyola Marymount Lions,F,6-0,Jr.,"San Jose, CA",UserTeam3,0.0,0.0,32.0,105.5,0.0,0.0,0.0,0.0,0.0,0.0,0.0,0.0,0.0,0.0,0.0,0.0,0.0,0.0,0.0,0.0,0.0,0.0,0.0,0.0,0.0,0.0,0.0,0.0,0.0,0.0,0.0,0.0,0.0,0.0,0.0,0,maya hernandez,Maya Hernandez,Loyola Marymount,WCC,lmu,0,0,https://d2vhz6gv4pigvw.cloudfront.net/images/2025/10/2/Maya_Hernandez.jpg?width=80&quality=90
0,Jess Lawson,Loyola Marymount Lions,G,5-7,Gr.,"Las Vegas, NV",UserTeam4,0.0,0.0,65.5,105.5,0.0,0.0,0.0,0.0,0.0,0.0,0.0,0.0,0.0,0.0,0.0,0.0,0.0,0.0,0.0,0.0,0.0,0.0,0.0,0.0,0.0,0.0,0.0,0.0,0.0,0.0,0.0,0.0,0.0,0.0,0.0,Central Michigan,jess lawson,Jess Lawson,Central Mich.,MAC,lmu,LMU (CA),WCC,https://d2vhz6gv4pigvw.cloudfront.net/images/2025/10/2/Jess_Lawson.jpg?width=80&quality=90
30,Catarina Ferreira,Oregon State Beavers,G,6-0,Gr.,"Sao Paulo, Brazil",UserTeam5,0.0,0.0,65.5,105.5,0.0,0.0,0.0,0.0,0.0,0.0,0.0,0.0,0.0,0.0,0.0,0.0,0.0,0.0,0.0,0.0,0.0,0.0,0.0,0.0,0.0,0.0,0.0,0.0,0.0,0.0,0.0,0.0,0.0,0.0,0.0,0,catarina ferreira,Catarina Ferreira,Oregon State,WCC,osu,0,0,https://images.sidearmdev.com/crop?url=https%3A%2F%2Fdxbhsrqyrr690.cloudfront.net%2Fsidearm.nextgen.sites%2Foregonstate.sidearmsports.com%2Fimages%2F2024%2F10%2F2%2FWBB_Headshot-7.jpg&width=603&height=803&gravity=north&type=webp
20,Taylor Smith,Gonzaga Bulldogs,F,6-2,Jr.,"Pocatello, ID",UserTeam6,0.0,0.0,32.0,105.5,0.0,0.0,0.0,0.0,0.0,0.0,0.0,0.0,0.0,0.0,0.0,0.0,0.0,0.0,0.0,0.0,0.0,0.0,0.0,0.0,0.0,0.0,0.0,0.0,0.0,0.0,0.0,0.0,0.0,0.0,0.0,Weber State,taylor smith,Taylor Smith,Weber St.,Big Sky,gonzaga,Gonzaga,WCC,https://d2jpxbzntgxotn.cloudfront.net/images/2025/9/10/taylor_smith-1502.JPG?width=80&quality=90
11,Allie Turner,Gonzaga Bulldogs,G,5-8,So.,"St. Louis, MO",UserTeam6,0.0,0.0,65.5,105.5,0.0,0.0,0.0,0.0,0.0,0.0,0.0,0.0,0.0,0.0,0.0,0.0,0.0,0.0,0.0,0.0,0.0,0.0,0.0,0.0,0.0,0.0,0.0,0.0,0.0,0.0,0.0,0.0,0.0,0.0,0.0,John Burroughs HS,allie turner,Allie Turner,Gonzaga,WCC,gonzaga,0,0,https://d2jpxbzntgxotn.cloudfront.net/images/2025/9/10/new_allie_pic.JPG?width=80&quality=90
23,Candy Edokpaigbe,San Francisco Dons,G,6-0,So.,"Naples, Italy",UserTeam5,0.0,0.0,65.5,105.5,0.0,0.0,0.0,0.0,0.0,0.0,0.0,0.0,0.0,0.0,0.0,0.0,0.0,0.0,0.0,0.0,0.0,0.0,0.0,0.0,0.0,0.0,0.0,0.0,0.0,0.0,0.0,0.0,0.0,0.0,0.0,Seattle U,candy edokpaigbe,Candy Edokpaigbe,Seattle U,WAC,usf,San Francisco,WCC,https://drtye9aslmeh1.cloudfront.net/images/2025/10/14/23_Candy_Edkopaigbe_Headshot.jpg?width=80&quality=90
1,Kennedie Shuler,Oregon State Beavers,G,5-10,Jr.,"Gresham, OR",UserTeam4,0.0,0.0,65.5,105.5,0.0,0.0,0.0,0.0,0.0,0.0,0.0,0.0,0.0,0.0,0.0,0.0,0.0,0.0,0.0,0.0,0.0,0.0,0.0,0.0,0.0,0.0,0.0,0.0,0.0,0.0,0.0,0.0,0.0,0.0,0.0,0,kennedie shuler,Kennedie Shuler,Oregon State,WCC,osu,0,0,https://images.sidearmdev.com/crop?url=https%3A%2F%2Fdxbhsrqyrr690.cloudfront.net%2Fsidearm.nextgen.sites%2Foregonstate.sidearmsports.com%2Fimages%2F2024%2F10%2F2%2FWBB_Headshot-2.jpg&width=603&height=803&gravity=north&type=webp
2,Eleonora Villa,Washington State Cougars,G,5-8,Jr.,"Lissone, Italy",UserTeam3,32.0,32.0,7.5,10.5,1.0,38.0,24.0,2.0,3.0,2.0,0.0,2.0,6.0,2.0,4.0,10.0,19.0,1.0,1.0,1.0,1.0,38.0,24.0,2.0,3.0,2.0,0.0,4.0,10.0,19.0,2.0,6.0,2.0,4.0,4.0,Costa Masnaga,eleonora villa,Eleonora Villa,Washington State,WCC,wsu,0,0,https://d1gp0cqcpext3x.cloudfront.net/images/2025/10/9/Villa__Eleonora.png?width=80&quality=90
4,Sierra Lichtie,Gonzaga Bulldogs,F,6-0,Gr.,"Riverton, UT",UserTeam2,0.0,0.0,32.0,105.5,0.0,0.0,0.0,0.0,0.0,0.0,0.0,0.0,0.0,0.0,0.0,0.0,0.0,0.0,0.0,0.0,0.0,0.0,0.0,0.0,0.0,0.0,0.0,0.0,0.0,0.0,0.0,0.0,0.0,0.0,0.0,Cal Poly,sierra lichtie,Sierra Lichtie,Cal Poly,Big West,gonzaga,Gonzaga,WCC,https://d2jpxbzntgxotn.cloudfront.net/images/2025/9/10/sierra_lichtie-8103.JPG?width=80&quality=90
10,Sydney Ward,Pacific Tigers,G/F,6-0,Sr.,"Houston, TX",UserTeam1,26.0,26.0,1.0,17.5,1.0,27.0,13.0,6.0,3.0,0.0,2.0,2.0,5.0,3.0,3.0,4.0,9.0,2.0,2.0,4.0,4.0,27.0,13.0,6.0,3.0,0.0,2.0,3.0,4.0,9.0,2.0,5.0,3.0,4.0,4.0,The Village,sydney ward,Sydney Ward,Pacific,WCC,pacific,0,0,https://pacifictigers.com/images/2025/10/20/Sydney_Ward.png?width=80&quality=90
9,Maia Jones,Santa Clara Broncos,G,5-10,R-Jr.,"Tasman, New Zealand",UserTeam1,24.0,24.0,17.0,23.5,1.0,18.0,14.0,1.0,3.0,1.0,0.0,2.0,6.0,0.0,2.0,6.0,11.0,0.0,0.0,1.0,1.0,18.0,14.0,1.0,3.0,1.0,0.0,2.0,6.0,11.0,2.0,6.0,0.0,0.0,0.0,0,maia jones,Maia Jones,St. Mary's (CA),WCC,santa clara,0,0,https://santaclarabroncos.com/images/2025/9/18/jones_maiaDJR13254.JPG?width=80&quality=90
30,Kylee Fox,Santa Clara Broncos,F,5-11,Jr.,"Richland, WA",UserTeam2,51.0,51.0,1.0,1.0,1.0,23.0,18.0,7.0,4.0,2.0,0.0,4.0,5.0,0.0,0.0,7.0,12.0,2.0,2.0,5.0,5.0,23.0,18.0,7.0,4.0,2.0,0.0,0.0,7.0,12.0,4.0,5.0,0.0,0.0,0.0,0,kylee fox,Kylee Fox,Fresno St.,MWC,santa clara,Santa Clara,WCC,https://santaclarabroncos.com/images/2025/9/18/fox_kyleeDJR13231_lFMvf.JPG?width=80&quality=90
22,Lina Falk,Pepperdine Waves,G,6-2,Jr.,"Wolfenbüttel, Germany",UserTeam3,15.0,15.0,25.0,40.0,1.0,11.0,6.0,4.0,0.0,1.0,1.0,0.0,2.0,0.0,1.0,3.0,5.0,1.0,1.0,3.0,3.0,11.0,6.0,4.0,0.0,1.0,1.0,1.0,3.0,5.0,0.0,2.0,0.0,0.0,0.0,Sacramento State,lina falk,Lina Falk,Sacramento St.,Big Sky,pepperdine,Pepperdine,WCC,https://daitadul56i2n.cloudfront.net/images/2025/9/26/22_lina.jpg?width=80&quality=90
13,Malia Latu,Saint Mary's Gaels,G,5-8,Gr.,"East Palo Alto, CA",UserTeam4,1.0,1.0,41.0,66.5,1.0,14.0,2.0,0.0,1.0,0.0,0.0,0.0,0.0,0.0,2.0,1.0,3.0,0.0,0.0,0.0,0.0,14.0,2.0,0.0,1.0,0.0,0.0,2.0,1.0,3.0,0.0,0.0,0.0,0.0,0.0,Santa Clara,malia latu,Malia Latu,Santa Clara,WCC,smc,0,0,https://duq7p5k7s6jsa.cloudfront.net/images/2025/7/8/Malia_Latu_Summer_Headshot.png?width=80&quality=90
55,Zeryhia Aokuso,Gonzaga Bulldogs,G,5-10,Jr.,"Amarillo, TX",UserTeam5,0.0,0.0,65.5,105.5,0.0,0.0,0.0,0.0,0.0,0.0,0.0,0.0,0.0,0.0,0.0,0.0,0.0,0.0,0.0,0.0,0.0,0.0,0.0,0.0,0.0,0.0,0.0,0.0,0.0,0.0,0.0,0.0,0.0,0.0,0.0,Saint Mary's,zeryhia aokuso,Zeryhia Aokuso,St. Mary's (CA),WCC,gonzaga,0,0,https://d2jpxbzntgxotn.cloudfront.net/images/2025/9/10/zerhyia_aokuso-7494.JPG?width=80&quality=90
33,Alex Covill,Washington State Cougars,C,6-6,Jr.,"Missoula, Mont.",UserTeam6,3.0,3.0,3.0,59.0,1.0,12.0,2.0,3.0,2.0,0.0,0.0,0.0,0.0,0.0,3.0,1.0,4.0,2.0,2.0,1.0,1.0,12.0,2.0,3.0,2.0,0.0,0.0,3.0,1.0,4.0,0.0,0.0,0.0,0.0,0.0,Missoula Hellgate HS,alex covill,Alex Covill,Washington State,WCC,wsu,0,0,https://d1gp0cqcpext3x.cloudfront.net/images/2025/10/9/Covill__Alex.png?width=80&quality=90
3,Ella Brubaker,Seattle U Redhawks,G,6-0,Graduate Student,"University Place, WA",UserTeam4,12.0,12.0,30.0,46.0,1.0,24.0,8.0,4.0,2.0,0.0,1.0,2.0,4.0,0.0,3.0,3.0,9.0,2.0,2.0,2.0,2.0,24.0,8.0,4.0,2.0,0.0,1.0,3.0,3.0,9.0,2.0,4.0,0.0,0.0,0.0,The Master's / Pepperdine,ella brubaker,Ella Brubaker,Pepperdine,WCC,seattle,Seattle U,WCC,https://goseattleu.com/imgproxy/8wjRPnIdRZZIbDOXp3TME-SUmsnEUYX3bvwlw-7XL-4/rs:fit:1980:0:0/g:ce/q:90/aHR0cHM6Ly9zdG9yYWdlLmdvb2dsZWFwaXMuY29tL2dvc2VhdHRsZXUtY29tLXByb2QvMjAyNS8xMC8wOS9NUEZSb0RjVmpqaFFvcktheXN5YnBnY2cwQmNOSGRjR1RyWGk2MXFVLnBuZw.png
21,Olivia Williams,San Francisco Dons,G,6-1,R-Sr.,"South San Francisco, Calif.",UserTeam3,0.0,0.0,65.5,105.5,0.0,0.0,0.0,0.0,0.0,0.0,0.0,0.0,0.0,0.0,0.0,0.0,0.0,0.0,0.0,0.0,0.0,0.0,0.0,0.0,0.0,0.0,0.0,0.0,0.0,0.0,0.0,0.0,0.0,0.0,0.0,UC Irvine,olivia williams,Olivia Williams,UC Irvine,Big West,usf,San Francisco,WCC,https://drtye9aslmeh1.cloudfront.net/images/2025/10/14/21_Olivia_Williams_Headshot.jpg?width=80&quality=90
0,Tiara Bolden,Oregon State Beavers,G,5-11,Gr.,"Eugene, OR",UserTeam5,0.0,0.0,65.5,105.5,0.0,0.0,0.0,0.0,0.0,0.0,0.0,0.0,0.0,0.0,0.0,0.0,0.0,0.0,0.0,0.0,0.0,0.0,0.0,0.0,0.0,0.0,0.0,0.0,0.0,0.0,0.0,0.0,0.0,0.0,0.0,0,tiara bolden,Tiara Bolden,Oregon State,WCC,osu,0,0,https://images.sidearmdev.com/crop?url=https%3A%2F%2Fdxbhsrqyrr690.cloudfront.net%2Fsidearm.nextgen.sites%2Foregonstate.sidearmsports.com%2Fimages%2F2024%2F10%2F2%2FWBB_Headshot-9.jpg&width=603&height=803&gravity=north&type=webp
2,Mara Neira,San Francisco Dons,G,5-9,Gr.,"Baiona, Spain",UserTeam3,0.0,0.0,65.5,105.5,0.0,0.0,0.0,0.0,0.0,0.0,0.0,0.0,0.0,0.0,0.0,0.0,0.0,0.0,0.0,0.0,0.0,0.0,0.0,0.0,0.0,0.0,0.0,0.0,0.0,0.0,0.0,0.0,0.0,0.0,0.0,Presbyterian/Appalachian State,mara neira,Mara Neira,App State,Sun Belt,usf,San Francisco,WCC,https://drtye9aslmeh1.cloudfront.net/images/2025/10/14/2_Mara_Neira_Headshot.jpg?width=80&quality=90
8,Ines Bettencourt,Gonzaga Bulldogs,G,5-9,Sr.,"Sao Miguel, Portugal",UserTeam2,0.0,0.0,65.5,105.5,0.0,0.0,0.0,0.0,0.0,0.0,0.0,0.0,0.0,0.0,0.0,0.0,0.0,0.0,0.0,0.0,0.0,0.0,0.0,0.0,0.0,0.0,0.0,0.0,0.0,0.0,0.0,0.0,0.0,0.0,0.0,UConn,ines bettencourt,Ines Bettencourt,Gonzaga,WCC,gonzaga,0,0,https://d2jpxbzntgxotn.cloudfront.net/images/2025/9/10/ines_bettencourt-6446.JPG?width=80&quality=90
25,Winner Bartholomew,Pacific Tigers,F,6-1,So.,"Abuja, Nigeria",UserTeam4,21.0,21.0,6.0,27.0,1.0,27.0,6.0,9.0,1.0,2.0,0.0,0.0,0.0,0.0,1.0,3.0,8.0,2.0,2.0,7.0,7.0,27.0,6.0,9.0,1.0,2.0,0.0,1.0,3.0,8.0,0.0,0.0,0.0,2.0,2.0,Rider,winner bartholomew,Winner Bartholomew,Rider,MAAC,pacific,Pacific,WCC,https://pacifictigers.com/images/2025/10/20/Winner_Bartholomew.png?width=80&quality=90
9,Marina Radocaj,Pacific Tigers,G/F,6-3,Jr.,"Richmond, Canada",UserTeam3,21.0,21.0,3.0,27.0,1.0,32.0,6.0,10.0,2.0,1.0,1.0,0.0,0.0,0.0,6.0,3.0,3.0,1.0,1.0,9.0,9.0,32.0,6.0,10.0,2.0,1.0,1.0,6.0,3.0,3.0,0.0,0.0,0.0,0.0,0.0,Arizona State / R.A. McMath Secondary School,marina radocaj,Marina Radocaj,Pacific,WCC,pacific,0,0,https://pacifictigers.com/images/2025/10/20/Marina_Radocaj.png?width=80&quality=90
28,Andjela Matic,Loyola Marymount Lions,G,5-9,Sr.,"Ub, Serbia",UserTeam6,0.0,0.0,65.5,105.5,0.0,0.0,0.0,0.0,0.0,0.0,0.0,0.0,0.0,0.0,0.0,0.0,0.0,0.0,0.0,0.0,0.0,0.0,0.0,0.0,0.0,0.0,0.0,0.0,0.0,0.0,0.0,0.0,0.0,0.0,0.0,Duquesne,andjela matic,Andjela Matic,Duquesne,A-10,lmu,LMU (CA),WCC,https://d2vhz6gv4pigvw.cloudfront.net/images/2025/10/2/Andjela_Matic.jpg?width=80&quality=90
10,Georgia Grigoropoulou,Saint Mary's Gaels,F,6-3,Sr.,"Athens, Greece",UserTeam4,4.0,4.0,13.0,56.0,1.0,7.0,4.0,2.0,0.0,0.0,0.0,0.0,0.0,0.0,0.0,2.0,5.0,1.0,1.0,1.0,1.0,7.0,4.0,2.0,0.0,0.0,0.0,0.0,2.0,5.0,0.0,0.0,0.0,2.0,2.0,Santa Clara,georgia grigoropoulou,Georgia Grigoropoulou,Santa Clara,WCC,smc,0,0,https://duq7p5k7s6jsa.cloudfront.net/images/2025/7/8/Georgia_Grigoropoulou_Summer_Headshot.png?width=80&quality=90
2,Aniya Hooker,Santa Clara Broncos,G,5-8,So.,"Lynnwood, WA",UserTeam6,25.0,25.0,15.5,20.5,1.0,23.0,4.0,2.0,5.0,1.0,1.0,0.0,2.0,2.0,0.0,1.0,4.0,0.0,0.0,2.0,2.0,23.0,4.0,2.0,5.0,1.0,1.0,0.0,1.0,4.0,0.0,2.0,2.0,2.0,2.0,0,aniya hooker,Aniya Hooker,Siena,MAAC,santa clara,Santa Clara,WCC,https://santaclarabroncos.com/images/2025/9/18/hooker_aniyaDJR13246.JPG?width=80&quality=90
0,Ivory Finley,Pepperdine Waves,G,5-10,Gr.,"Minneapolis, MN",UserTeam6,35.0,35.0,4.5,7.0,1.0,23.0,17.0,5.0,2.0,2.0,0.0,3.0,6.0,0.0,2.0,7.0,10.0,3.0,3.0,2.0,2.0,23.0,17.0,5.0,2.0,2.0,0.0,2.0,7.0,10.0,3.0,6.0,0.0,2.0,2.0,Utah State,ivory finley,Ivory Finley,Utah St.,MWC,pepperdine,Pepperdine,WCC,https://daitadul56i2n.cloudfront.net/images/2025/9/26/0_ivory.jpg?width=80&quality=90
8,Mackenzie Chatfield,Washington State Cougars,G,5-9,Jr.,"Auckland, New Zealand",UserTeam5,13.0,13.0,28.5,44.5,1.0,30.0,5.0,3.0,4.0,1.0,0.0,0.0,0.0,1.0,4.0,2.0,4.0,1.0,1.0,2.0,2.0,30.0,5.0,3.0,4.0,1.0,0.0,4.0,2.0,4.0,0.0,0.0,1.0,4.0,4.0,Western Kentucky,mackenzie chatfield,Mackenzie Chatfield,Western Ky.,CUSA,wsu,Washington St.,WCC,https://d1gp0cqcpext3x.cloudfront.net/images/2025/10/9/Chatfield__Mackenzie.png?width=80&quality=90
5,Abigail Shoff,Saint Mary's Gaels,F,6-0,Jr.,"Redding, CA",UserTeam4,18.0,18.0,9.0,35.0,1.0,24.0,8.0,3.0,2.0,0.0,0.0,0.0,0.0,0.0,0.0,4.0,7.0,1.0,1.0,2.0,2.0,24.0,8.0,3.0,2.0,0.0,0.0,0.0,4.0,7.0,0.0,0.0,0.0,1.0,1.0,Long Beach State,abigail shoff,Abigail Shoff,St. Mary's (CA),WCC,smc,0,0,https://duq7p5k7s6jsa.cloudfront.net/images/2024/10/5/Abigail_Shoff.png?width=80&quality=90
8,Emily Foy,Saint Mary's Gaels,G,6-1,Jr.,"Newcastle, Australia",UserTeam3,1.0,1.0,41.0,66.5,1.0,12.0,0.0,2.0,0.0,0.0,0.0,0.0,0.0,0.0,1.0,0.0,0.0,0.0,0.0,2.0,2.0,12.0,0.0,2.0,0.0,0.0,0.0,1.0,0.0,0.0,0.0,0.0,0.0,0.0,0.0,0,emily foy,Emily Foy,St. Mary's (CA),WCC,smc,0,0,https://duq7p5k7s6jsa.cloudfront.net/images/2024/10/5/Emily_Foy.png?width=80&quality=90
17,Nicole Anderson,Portland Pilots,G,5-8,Gr.,"Eastvale, CA",UserTeam1,1.0,1.0,41.0,66.5,1.0,10.0,2.0,0.0,0.0,0.0,0.0,0.0,1.0,0.0,0.0,1.0,3.0,0.0,0.0,0.0,0.0,10.0,2.0,0.0,0.0,0.0,0.0,0.0,1.0,3.0,0.0,1.0,0.0,0.0,0.0,LMU / SMU / Rosary Academy,nicole anderson,Nicole Anderson,SMU,ACC,portland,Portland,WCC,https://portlandpilots.com/images/2025/10/15/Rodriguez_Nicole26web.JPG?width=80&quality=90
14,Michelle Ugwah,San Francisco Dons,F,6-1,R-So.,"Cork, Ireland",UserTeam6,0.0,0.0,32.0,105.5,0.0,0.0,0.0,0.0,0.0,0.0,0.0,0.0,0.0,0.0,0.0,0.0,0.0,0.0,0.0,0.0,0.0,0.0,0.0,0.0,0.0,0.0,0.0,0.0,0.0,0.0,0.0,0.0,0.0,0.0,0.0,Morehead State,michelle ugwah,Michelle Ugwah,Morehead St.,OVC,usf,San Francisco,WCC,https://drtye9aslmeh1.cloudfront.net/images/2025/10/14/14_Michelle_Ugwah_Headshot.jpg?width=80&quality=90
21,Aaliyah Ibarra,Seattle U Redhawks,G,5-8,Senior,"Las Vegas, NV",UserTeam5,-3.0,-3.0,90.0,144.0,1.0,12.0,0.0,0.0,0.0,0.0,0.0,0.0,1.0,0.0,0.0,0.0,2.0,0.0,0.0,0.0,0.0,12.0,0.0,0.0,0.0,0.0,0.0,0.0,0.0,2.0,0.0,1.0,0.0,0.0,0.0,Utah Tech,aaliyah ibarra,Aaliyah Ibarra,Utah Tech,WAC,seattle,Seattle U,WCC,https://goseattleu.com/imgproxy/_TvXo-Wd26emOYoDBaIWFf6n66GR8yidVSZMwYhfao4/rs:fit:1980:0:0/g:ce/q:90/aHR0cHM6Ly9zdG9yYWdlLmdvb2dsZWFwaXMuY29tL2dvc2VhdHRsZXUtY29tLXByb2QvMjAyNS8xMC8wOS91UE5TTnZHY2JrQ1J6WWlkTXVwZE9Ta1J3Q1pnWUkxeE9nN1RSa2VCLnBuZw.png
22,Rhyan Mogel,Portland Pilots,G,5-10,Jr.,"Happy Valley, OR",UserTeam5,30.0,30.0,9.0,12.0,1.0,13.0,8.0,0.0,3.0,2.0,0.0,0.0,0.0,0.0,0.0,4.0,4.0,0.0,0.0,0.0,0.0,13.0,8.0,0.0,3.0,2.0,0.0,0.0,4.0,4.0,0.0,0.0,0.0,0.0,0.0,Clackamas HS,rhyan mogel,Rhyan Mogel,Portland,WCC,portland,0,0,https://portlandpilots.com/images/2025/10/15/Mogel_Rhyan26web.JPG?width=80&quality=90
7,Nevaeh Ferrara Horne,San Francisco Dons,F,6-2,Jr.,"Regina, Saskatchewan, Canada",UserTeam2,0.0,0.0,32.0,105.5,0.0,0.0,0.0,0.0,0.0,0.0,0.0,0.0,0.0,0.0,0.0,0.0,0.0,0.0,0.0,0.0,0.0,0.0,0.0,0.0,0.0,0.0,0.0,0.0,0.0,0.0,0.0,0.0,0.0,0.0,0.0,North Dakota,nevaeh ferrara horne,Nevaeh Ferrara Horne,North Dakota,Summit,usf,San Francisco,WCC,https://drtye9aslmeh1.cloudfront.net/images/2025/10/14/7_Nevaeh_Ferrera_Horne_Headshot.jpg?width=80&quality=90
3,Jenna Villa,Oregon State Beavers,G,6-1,Jr.,"Arlington, WA",UserTeam2,0.0,0.0,65.5,105.5,0.0,0.0,0.0,0.0,0.0,0.0,0.0,0.0,0.0,0.0,0.0,0.0,0.0,0.0,0.0,0.0,0.0,0.0,0.0,0.0,0.0,0.0,0.0,0.0,0.0,0.0,0.0,0.0,0.0,0.0,0.0,0,jenna villa,Jenna Villa,Washington State,WCC,osu,0,0,https://images.sidearmdev.com/crop?url=https%3A%2F%2Fdxbhsrqyrr690.cloudfront.net%2Fsidearm.nextgen.sites%2Foregonstate.sidearmsports.com%2Fimages%2F2025%2F5%2F12%2F25WBB_Recruit_Jenna_Villa_0009.jpg&width=603&height=803&gravity=north&type=webp
0,Jada Hunter,Saint Mary's Gaels,G,5-10,Jr.,"Vallejo, CA",UserTeam1,20.0,20.0,20.0,30.0,1.0,24.0,9.0,5.0,0.0,2.0,0.0,0.0,0.0,5.0,1.0,2.0,4.0,0.0,0.0,5.0,5.0,24.0,9.0,5.0,0.0,2.0,0.0,1.0,2.0,4.0,0.0,0.0,5.0,6.0,6.0,Laney College,jada hunter,Jada Hunter,St. Mary's (CA),WCC,smc,0,0,https://duq7p5k7s6jsa.cloudfront.net/images/2024/10/5/Jada_Hunter.png?width=80&quality=90
5,Carly Heidger,Loyola Marymount Lions,G,6-3,Sr.,"Dacula, GA",UserTeam3,0.0,0.0,65.5,105.5,0.0,0.0,0.0,0.0,0.0,0.0,0.0,0.0,0.0,0.0,0.0,0.0,0.0,0.0,0.0,0.0,0.0,0.0,0.0,0.0,0.0,0.0,0.0,0.0,0.0,0.0,0.0,0.0,0.0,0.0,0.0,Samford,carly heidger,Carly Heidger,Loyola Marymount,WCC,lmu,0,0,https://d2vhz6gv4pigvw.cloudfront.net/images/2025/10/2/Carly_Heidger.jpg?width=80&quality=90
13,Ava Schmidt,Santa Clara Broncos,F,6-2,Jr.,"Sammamish, WA",UserTeam2,0.0,0.0,32.0,105.5,0.0,0.0,0.0,0.0,0.0,0.0,0.0,0.0,0.0,0.0,0.0,0.0,0.0,0.0,0.0,0.0,0.0,0.0,0.0,0.0,0.0,0.0,0.0,0.0,0.0,0.0,0.0,0.0,0.0,0.0,0.0,0,ava schmidt,Ava Schmidt,Northern Ariz.,Big Sky,santa clara,Santa Clara,WCC,https://santaclarabroncos.com/images/2025/9/18/schmidt_avaDJR13235.JPG?width=80&quality=90
25,Lauren Glazier,Washington State Cougars,F,6-4,Sr.,"North Bend, Wash.",UserTeam1,0.0,0.0,32.0,105.5,0.0,0.0,0.0,0.0,0.0,0.0,0.0,0.0,0.0,0.0,0.0,0.0,0.0,0.0,0.0,0.0,0.0,0.0,0.0,0.0,0.0,0.0,0.0,0.0,0.0,0.0,0.0,0.0,0.0,0.0,0.0,Mount Si HS,lauren glazier,Lauren Glazier,Pacific,WCC,wsu,0,0,https://d1gp0cqcpext3x.cloudfront.net/images/2025/10/9/Glazier__Lauren.png?width=80&quality=90
31,Irune Orio,Pepperdine Waves,F,6-2,Sr.,"Balmaseda, Spain",UserTeam1,24.0,24.0,5.0,23.5,1.0,18.0,6.0,2.0,5.0,0.0,1.0,1.0,1.0,3.0,2.0,1.0,1.0,0.0,0.0,2.0,2.0,18.0,6.0,2.0,5.0,0.0,1.0,2.0,1.0,1.0,1.0,1.0,3.0,4.0,4.0,Sacramento State / Xavier,irune orio,Irune Orio,Xavier,Big East,pepperdine,Pepperdine,WCC,https://daitadul56i2n.cloudfront.net/images/2025/9/26/31_irune.jpg?width=80&quality=90
20,Lainey Spear,Portland Pilots,F,6-2,Jr.,"Portland, OR",UserTeam1,35.0,35.0,3.0,7.0,1.0,14.0,9.0,6.0,3.0,2.0,0.0,0.0,0.0,1.0,0.0,4.0,5.0,3.0,3.0,3.0,3.0,14.0,9.0,6.0,3.0,2.0,0.0,0.0,4.0,5.0,0.0,0.0,1.0,2.0,2.0,Beaverton HS,lainey spear,Lainey Spear,Portland,WCC,portland,0,0,https://portlandpilots.com/images/2025/10/15/Spear_Lainey26web.JPG?width=80&quality=90
7,Edie Clarke,Saint Mary's Gaels,F,6-4,So.,"Melbourne, Australia",UserTeam2,9.0,9.0,10.5,49.0,1.0,25.0,4.0,1.0,2.0,2.0,1.0,0.0,1.0,2.0,5.0,1.0,5.0,0.0,0.0,1.0,1.0,25.0,4.0,1.0,2.0,2.0,1.0,5.0,1.0,5.0,0.0,1.0,2.0,2.0,2.0,0,edie clarke,Edie Clarke,St. Mary's (CA),WCC,smc,0,0,https://duq7p5k7s6jsa.cloudfront.net/images/2024/10/5/Edie_Clarke.png?width=80&quality=90
24,Teryn Gardner,Gonzaga Bulldogs,G,5-10,So.,"Spokane, WA",UserTeam1,0.0,0.0,65.5,105.5,0.0,0.0,0.0,0.0,0.0,0.0,0.0,0.0,0.0,0.0,0.0,0.0,0.0,0.0,0.0,0.0,0.0,0.0,0.0,0.0,0.0,0.0,0.0,0.0,0.0,0.0,0.0,0.0,0.0,0.0,0.0,Boise State,teryn gardner,Teryn Gardner,Boise St.,MWC,gonzaga,Gonzaga,WCC,https://d2jpxbzntgxotn.cloudfront.net/images/2025/9/10/teryn_gardner-7278.JPG?width=80&quality=90
11,Alana Goodchild,Santa Clara Broncos,F,6-2,Sr.,"Sydney, Australia",UserTeam1,7.0,7.0,12.0,51.0,1.0,13.0,8.0,5.0,0.0,0.0,0.0,0.0,3.0,4.0,0.0,2.0,6.0,3.0,3.0,2.0,2.0,13.0,8.0,5.0,0.0,0.0,0.0,0.0,2.0,6.0,0.0,3.0,4.0,6.0,6.0,0,alana goodchild,Alana Goodchild,Santa Clara,WCC,santa clara,0,0,https://santaclarabroncos.com/images/2025/9/18/goodchild_alannaDJR13217.JPG?width=80&quality=90
3,Mauriana Hashemian-Orr,Saint Mary's Gaels,G,5-7,So.,"Portland, OR",UserTeam2,25.0,25.0,15.5,20.5,1.0,27.0,12.0,4.0,1.0,2.0,0.0,0.0,0.0,4.0,3.0,4.0,5.0,1.0,1.0,3.0,3.0,27.0,12.0,4.0,1.0,2.0,0.0,3.0,4.0,5.0,0.0,0.0,4.0,4.0,4.0,0,mauriana hashemian-orr,Mauriana Hashemian-Orr,St. Mary's (CA),WCC,smc,0,0,https://duq7p5k7s6jsa.cloudfront.net/images/2024/10/17/MHO.jpg?width=80&quality=90
15,Nyah Lowery,Pacific Tigers,G,5-11,Jr.,"Sacramento, CA",UserTeam2,16.0,16.0,24.0,38.5,1.0,15.0,8.0,0.0,1.0,0.0,1.0,2.0,2.0,0.0,2.0,3.0,3.0,0.0,0.0,0.0,0.0,15.0,8.0,0.0,1.0,0.0,1.0,2.0,3.0,3.0,2.0,2.0,0.0,0.0,0.0,Saint Mary's,nyah lowery,Nyah Lowery,Pacific,WCC,pacific,0,0,https://pacifictigers.com/images/2025/10/20/Nyah_Lowery.png?width=80&quality=90
4,Ally Schimel,Oregon State Beavers,G,5-10,So.,"Corbett, OR",UserTeam3,0.0,0.0,65.5,105.5,0.0,0.0,0.0,0.0,0.0,0.0,0.0,0.0,0.0,0.0,0.0,0.0,0.0,0.0,0.0,0.0,0.0,0.0,0.0,0.0,0.0,0.0,0.0,0.0,0.0,0.0,0.0,0.0,0.0,0.0,0.0,0,ally schimel,Ally Schimel,Oregon State,WCC,osu,0,0,https://images.sidearmdev.com/crop?url=https%3A%2F%2Fdxbhsrqyrr690.cloudfront.net%2Fsidearm.nextgen.sites%2Foregonstate.sidearmsports.com%2Fimages%2F2024%2F10%2F2%2FWBB_Headshot-6.jpg&width=603&height=803&gravity=north&type=webp
22,McKynnlie Dalan,Gonzaga Bulldogs,F,6-0,Jr.,"Montesano, WA",UserTeam3,0.0,0.0,32.0,105.5,0.0,0.0,0.0,0.0,0.0,0.0,0.0,0.0,0.0,0.0,0.0,0.0,0.0,0.0,0.0,0.0,0.0,0.0,0.0,0.0,0.0,0.0,0.0,0.0,0.0,0.0,0.0,0.0,0.0,0.0,0.0,Minnesota,mckynnlie dalan,McKynnlie Dalan,Gonzaga,WCC,gonzaga,0,0,https://d2jpxbzntgxotn.cloudfront.net/images/2025/9/10/mckynnlie_dalan.JPG?width=80&quality=90
12,Marta Alsina,Washington State Cougars,G,5-11,So.,"Barcelona, Spain",UserTeam4,37.0,37.0,2.5,3.5,1.0,31.0,12.0,5.0,1.0,3.0,2.0,2.0,4.0,0.0,2.0,5.0,7.0,0.0,0.0,5.0,5.0,31.0,12.0,5.0,1.0,3.0,2.0,2.0,5.0,7.0,2.0,4.0,0.0,0.0,0.0,Institut Joaquim Blume,marta alsina,Marta Alsina,Washington State,WCC,wsu,0,0,https://d1gp0cqcpext3x.cloudfront.net/images/2025/10/9/Alsina__Marta.png?width=80&quality=90
10,Charlotte Abraham,Washington State Cougars,G,6-0,So.,"Cambrai, France",UserTeam4,17.0,17.0,23.0,37.0,1.0,21.0,10.0,7.0,3.0,1.0,0.0,0.0,3.0,6.0,3.0,2.0,6.0,1.0,1.0,6.0,6.0,21.0,10.0,7.0,3.0,1.0,0.0,3.0,2.0,6.0,0.0,3.0,6.0,8.0,8.0,Lycee Marguerite de Flandre,charlotte abraham,Charlotte Abraham,Washington State,WCC,wsu,0,0,https://d1gp0cqcpext3x.cloudfront.net/images/2025/10/9/Abraham__Charlotte.png?width=80&quality=90
1,Taija Sta. Maria,Pepperdine Waves,G,5-6,Jr.,"Toronto, Ontario, Canada",UserTeam4,22.0,22.0,18.0,25.0,1.0,34.0,6.0,2.0,7.0,1.0,0.0,1.0,1.0,3.0,5.0,1.0,4.0,0.0,0.0,2.0,2.0,34.0,6.0,2.0,7.0,1.0,0.0,5.0,1.0,4.0,1.0,1.0,3.0,4.0,4.0,Fresno State,taija sta. maria,Taija Sta. Maria,Fresno St.,MWC,pepperdine,Pepperdine,WCC,https://daitadul56i2n.cloudfront.net/images/2025/9/26/1_taija.jpg?width=80&quality=90
54,Zawadi Ogot,Loyola Marymount Lions,G,5-11,So.,"Upland, CA",UserTeam5,0.0,0.0,65.5,105.5,0.0,0.0,0.0,0.0,0.0,0.0,0.0,0.0,0.0,0.0,0.0,0.0,0.0,0.0,0.0,0.0,0.0,0.0,0.0,0.0,0.0,0.0,0.0,0.0,0.0,0.0,0.0,0.0,0.0,0.0,0.0,0,zawadi ogot,Zawadi Ogot,Loyola Marymount,WCC,lmu,0,0,https://d2vhz6gv4pigvw.cloudfront.net/images/2025/10/2/Zawadi_Ogot.jpg?width=80&quality=90
6,Andjela Bigovic,Seattle U Redhawks,F,6-5,Graduate Student,"Herceg Novi, Montenegro",UserTeam5,3.0,3.0,14.5,59.0,1.0,17.0,4.0,1.0,0.0,0.0,1.0,0.0,2.0,0.0,1.0,2.0,5.0,0.0,0.0,1.0,1.0,17.0,4.0,1.0,0.0,0.0,1.0,1.0,2.0,5.0,0.0,2.0,0.0,0.0,0.0,Cochise College / Tarleton State,andjela bigovic,Andjela Bigovic,Tarleton St.,WCC,seattle,Seattle U,WCC,https://goseattleu.com/imgproxy/ds2UsutAxUfSsMMBunNd2IIBY9_GXOiNYonQM8yQQzA/rs:fit:1980:0:0/g:ce/q:90/aHR0cHM6Ly9zdG9yYWdlLmdvb2dsZWFwaXMuY29tL2dvc2VhdHRsZXUtY29tLXByb2QvMjAyNS8xMC8wOS9EbzRuSnI2WWtHcW1uOGx1Y2xaY1RrV004Y0pzN0EySldpczdPbUYxLnBuZw.png
4,Allison Clarke,Loyola Marymount Lions,G,5-11,So.,"Anaheim, CA",UserTeam5,0.0,0.0,65.5,105.5,0.0,0.0,0.0,0.0,0.0,0.0,0.0,0.0,0.0,0.0,0.0,0.0,0.0,0.0,0.0,0.0,0.0,0.0,0.0,0.0,0.0,0.0,0.0,0.0,0.0,0.0,0.0,0.0,0.0,0.0,0.0,0,allison clarke,Allison Clarke,Loyola Marymount,WCC,lmu,0,0,https://d2vhz6gv4pigvw.cloudfront.net/images/2025/10/2/Allison_Clarke.jpg?width=80&quality=90
21,Daria Nestorov,Pacific Tigers,G,5-4,So.,"Zrenjanin, Serbia",UserTeam6,27.0,27.0,12.5,15.5,1.0,28.0,15.0,6.0,3.0,0.0,0.0,4.0,6.0,1.0,4.0,5.0,7.0,0.0,0.0,6.0,6.0,28.0,15.0,6.0,3.0,0.0,0.0,4.0,5.0,7.0,4.0,6.0,1.0,2.0,2.0,Gymnasium Kraljevo,daria nestorov,Daria Nestorov,Pacific,WCC,pacific,0,0,https://pacifictigers.com/images/2025/10/20/Daria_Nestorov.png?width=80&quality=90
13,Meghan Fiso,Pepperdine Waves,G,5-10,Gr.,"Seattle, WA",UserTeam6,27.0,27.0,12.5,15.5,1.0,23.0,13.0,4.0,2.0,1.0,2.0,0.0,2.0,1.0,4.0,6.0,9.0,0.0,0.0,4.0,4.0,23.0,13.0,4.0,2.0,1.0,2.0,4.0,6.0,9.0,0.0,2.0,1.0,1.0,1.0,San Diego State,meghan fiso,Meghan Fiso,San Diego St.,MWC,pepperdine,Pepperdine,WCC,https://daitadul56i2n.cloudfront.net/images/2025/9/26/13_meghan.jpg?width=80&quality=90
2,Dyani Ananiev,Portland Pilots,G,6-2,R-So.,"St. Andrews, Australia",UserTeam6,37.0,37.0,2.5,3.5,1.0,16.0,10.0,2.0,3.0,3.0,1.0,2.0,4.0,0.0,1.0,4.0,6.0,1.0,1.0,1.0,1.0,16.0,10.0,2.0,3.0,3.0,1.0,1.0,4.0,6.0,2.0,4.0,0.0,0.0,0.0,Wyndham,dyani ananiev,Dyani Ananiev,Portland,WCC,portland,0,0,https://portlandpilots.com/images/2025/10/15/Ananiev_Dyani26web.JPG?width=80&quality=90
22,Melesungu Afeaki,Saint Mary's Gaels,F,6-2,Sr.,"San Bruno, CA",FreeAgent,2.0,2.0,16.0,61.5,1.0,11.0,2.0,1.0,1.0,0.0,0.0,0.0,0.0,0.0,2.0,1.0,3.0,0.0,0.0,1.0,1.0,11.0,2.0,1.0,1.0,0.0,0.0,2.0,1.0,3.0,0.0,0.0,0.0,0.0,0.0,University of San Diego,melesungu afeaki,Melesungu Afeaki,St. Mary's (CA),WCC,smc,0,0,https://duq7p5k7s6jsa.cloudfront.net/images/2024/10/5/Melesungu_Afeaki.png?width=80&quality=90
22,Alia Matavao,Loyola Marymount Lions,F,6-0,Jr.,"Las Vegas, NV",FreeAgent,0.0,0.0,32.0,105.5,0.0,0.0,0.0,0.0,0.0,0.0,0.0,0.0,0.0,0.0,0.0,0.0,0.0,0.0,0.0,0.0,0.0,0.0,0.0,0.0,0.0,0.0,0.0,0.0,0.0,0.0,0.0,0.0,0.0,0.0,0.0,BYU,alia matavao,Alia Matavao,Loyola Marymount,WCC,lmu,0,0,https://d2vhz6gv4pigvw.cloudfront.net/images/2025/10/2/Ali_a_Matavao.jpg?width=80&quality=90
4,Charlece Ohiaeri,Saint Mary's Gaels,G,6-1,Jr.,"Las Vegas, NV",FreeAgent,14.0,14.0,26.5,42.0,1.0,25.0,2.0,2.0,0.0,3.0,1.0,0.0,2.0,0.0,1.0,1.0,4.0,0.0,0.0,2.0,2.0,25.0,2.0,2.0,0.0,3.0,1.0,1.0,1.0,4.0,0.0,2.0,0.0,0.0,0.0,Depaul,charlece ohiaeri,Charlece Ohiaeri,DePaul,Big East,smc,Saint Mary's (CA),WCC,https://duq7p5k7s6jsa.cloudfront.net/images/2025/7/8/Charlece_Ohiaeri_Summer_Headshot.png?width=80&quality=90
42,Ella Zimmerman,Portland Pilots,F/C,6-4,So.,"Redondo Beach, CA",FreeAgent,20.0,20.0,1.0,30.0,1.0,16.0,8.0,3.0,1.0,0.0,1.0,0.0,0.0,0.0,1.0,4.0,4.0,0.0,0.0,3.0,3.0,16.0,8.0,3.0,1.0,0.0,1.0,1.0,4.0,4.0,0.0,0.0,0.0,0.0,0.0,Redondo Union HS,ella zimmerman,Ella Zimmerman,Portland,WCC,portland,0,0,https://portlandpilots.com/images/2025/10/15/Zimmerman_Ella26web.JPG?width=80&quality=90
2,Amy Kurkowski,Saint Mary's Gaels,G,6-1,So.,"Melbourne, Australia",FreeAgent,4.0,4.0,36.5,56.0,1.0,5.0,0.0,1.0,0.0,1.0,0.0,0.0,1.0,0.0,0.0,0.0,1.0,1.0,1.0,0.0,0.0,5.0,0.0,1.0,0.0,1.0,0.0,0.0,0.0,1.0,0.0,1.0,0.0,0.0,0.0,0,amy kurkowski,Amy Kurkowski,St. Mary's (CA),WCC,smc,0,0,https://duq7p5k7s6jsa.cloudfront.net/images/2024/10/5/Amy_Kurkowski.png?width=80&quality=90
10,Natalie Fraley,Portland Pilots,G,6-0,Sr.,"Kelso, WA",FreeAgent,28.0,28.0,11.0,14.0,1.0,19.0,9.0,3.0,4.0,2.0,1.0,1.0,3.0,2.0,4.0,3.0,5.0,0.0,0.0,3.0,3.0,19.0,9.0,3.0,4.0,2.0,1.0,4.0,3.0,5.0,1.0,3.0,2.0,2.0,2.0,Utah State / Kelso HS,natalie fraley,Natalie Fraley,Portland,WCC,portland,0,0,https://portlandpilots.com/images/2025/10/15/Fraley_Natalie26web.JPG?width=80&quality=90
24,Sol Castro,San Francisco Dons,F,6-1,Gr.,"Rio Colorado, Argentina",FreeAgent,0.0,0.0,32.0,105.5,0.0,0.0,0.0,0.0,0.0,0.0,0.0,0.0,0.0,0.0,0.0,0.0,0.0,0.0,0.0,0.0,0.0,0.0,0.0,0.0,0.0,0.0,0.0,0.0,0.0,0.0,0.0,0.0,0.0,0.0,0.0,Robert Morris,sol castro,Sol Castro,San Francisco,WCC,usf,0,0,https://drtye9aslmeh1.cloudfront.net/images/2025/10/14/24_Sol_Castro_Headshot.jpg?width=80&quality=90
31,Cloe Vecina,Oregon State Beavers,G,5-8,So.,"Vigo, Spain",FreeAgent,0.0,0.0,65.5,105.5,0.0,0.0,0.0,0.0,0.0,0.0,0.0,0.0,0.0,0.0,0.0,0.0,0.0,0.0,0.0,0.0,0.0,0.0,0.0,0.0,0.0,0.0,0.0,0.0,0.0,0.0,0.0,0.0,0.0,0.0,0.0,0,cloe vecina,Cloe Vecina,Oregon State,WCC,osu,0,0,https://images.sidearmdev.com/crop?url=https%3A%2F%2Fdxbhsrqyrr690.cloudfront.net%2Fsidearm.nextgen.sites%2Foregonstate.sidearmsports.com%2Fimages%2F2024%2F10%2F2%2FWBB_Headshot-5.jpg&width=603&height=803&gravity=north&type=webp
12,Christabel Osarobo,Gonzaga Bulldogs,G,5-11,So.,"Tudela, Spain",FreeAgent,0.0,0.0,65.5,105.5,0.0,0.0,0.0,0.0,0.0,0.0,0.0,0.0,0.0,0.0,0.0,0.0,0.0,0.0,0.0,0.0,0.0,0.0,0.0,0.0,0.0,0.0,0.0,0.0,0.0,0.0,0.0,0.0,0.0,0.0,0.0,Ipswich Basketball Academy,christabel osarobo,Christabel Osarobo,Gonzaga,WCC,gonzaga,0,0,https://d2jpxbzntgxotn.cloudfront.net/images/2025/9/10/christabel_osarobo-7880-3.JPG?width=80&quality=90
33,Ella Wedin,Saint Mary's Gaels,G,6-1,R-So.,"Happy Valley, OR",FreeAgent,0.0,0.0,65.5,105.5,0.0,0.0,0.0,0.0,0.0,0.0,0.0,0.0,0.0,0.0,0.0,0.0,0.0,0.0,0.0,0.0,0.0,0.0,0.0,0.0,0.0,0.0,0.0,0.0,0.0,0.0,0.0,0.0,0.0,0.0,0.0,LMU,ella wedin,Ella Wedin,St. Mary's (CA),WCC,smc,0,0,https://duq7p5k7s6jsa.cloudfront.net/images/2024/10/5/Ella_Wedin.png?width=80&quality=90
2,Ellison Guiney,Pepperdine Waves,G,5-11,So.,"Goodyear, AZ",FreeAgent,26.0,26.0,14.0,17.5,1.0,28.0,14.0,4.0,3.0,2.0,0.0,2.0,6.0,4.0,3.0,4.0,8.0,1.0,1.0,3.0,3.0,28.0,14.0,4.0,3.0,2.0,0.0,3.0,4.0,8.0,2.0,6.0,4.0,6.0,6.0,UNLV,ellison guiney,Ellison Guiney,UNLV,MWC,pepperdine,Pepperdine,WCC,https://daitadul56i2n.cloudfront.net/images/2025/9/26/2_guiney.jpg?width=80&quality=90
32,Tyla Fautua,Pacific Tigers,F,6-0,So.,"Brisbane, Australia",FreeAgent,3.0,3.0,14.5,59.0,1.0,2.0,0.0,2.0,0.0,0.0,0.0,0.0,0.0,0.0,0.0,0.0,0.0,0.0,0.0,2.0,2.0,2.0,0.0,2.0,0.0,0.0,0.0,0.0,0.0,0.0,0.0,0.0,0.0,0.0,0.0,Southern Districts Spartans,tyla fautua,Tyla Fautua,Pacific,WCC,pacific,0,0,https://pacifictigers.com/images/2025/10/20/Tyla_Fautua.png?width=80&quality=90
7,Tiffany Barbosa,Portland Pilots,G,5-10,So.,"Stockholm, Sweden",FreeAgent,21.0,21.0,19.0,27.0,1.0,19.0,6.0,1.0,1.0,3.0,0.0,0.0,2.0,2.0,0.0,2.0,4.0,0.0,0.0,1.0,1.0,19.0,6.0,1.0,1.0,3.0,0.0,0.0,2.0,4.0,0.0,2.0,2.0,2.0,2.0,RIG Lulea,tiffany barbosa,Tiffany Barbosa,Portland,WCC,portland,0,0,https://portlandpilots.com/images/2025/10/15/Barbosa_Tiffany26web.jpg?width=80&quality=90
5,Jean Chiu,Washington State Cougars,G,5-7,Sr.,"Taipei, Taiwan",FreeAgent,0.0,0.0,65.5,105.5,1.0,4.0,0.0,0.0,0.0,0.0,0.0,0.0,0.0,0.0,0.0,0.0,0.0,0.0,0.0,0.0,0.0,4.0,0.0,0.0,0.0,0.0,0.0,0.0,0.0,0.0,0.0,0.0,0.0,0.0,0.0,University of Taipei,jean chiu,Jean Chiu,Washington State,WCC,wsu,0,0,https://d1gp0cqcpext3x.cloudfront.net/images/2025/10/9/Chiu__Jean.png?width=80&quality=90
10,Susana Yepes,Oregon State Beavers,F,6-0,R-Sr.,"Medellin, Colombia",FreeAgent,0.0,0.0,32.0,105.5,0.0,0.0,0.0,0.0,0.0,0.0,0.0,0.0,0.0,0.0,0.0,0.0,0.0,0.0,0.0,0.0,0.0,0.0,0.0,0.0,0.0,0.0,0.0,0.0,0.0,0.0,0.0,0.0,0.0,0.0,0.0,0,susana yepes,Susana Yepes,Oregon State,WCC,osu,0,0,https://images.sidearmdev.com/crop?url=https%3A%2F%2Fdxbhsrqyrr690.cloudfront.net%2Fsidearm.nextgen.sites%2Foregonstate.sidearmsports.com%2Fimages%2F2024%2F10%2F2%2FWBB_Headshot-11.jpg&width=603&height=803&gravity=north&type=webp
2,Mari Somvichian,Loyola Marymount Lions,G,5-4,Jr.,"Oakland, CA",FreeAgent,0.0,0.0,65.5,105.5,0.0,0.0,0.0,0.0,0.0,0.0,0.0,0.0,0.0,0.0,0.0,0.0,0.0,0.0,0.0,0.0,0.0,0.0,0.0,0.0,0.0,0.0,0.0,0.0,0.0,0.0,0.0,0.0,0.0,0.0,0.0,0,mari somvichian,Mari Somvichian,Loyola Marymount,WCC,lmu,0,0,https://d2vhz6gv4pigvw.cloudfront.net/images/2025/10/2/Mari_Somvichian.jpg?width=80&quality=90
30,Paula Reus Piza,Loyola Marymount Lions,F,6-1,Gr.,"Palma De Mallorca, Spain",FreeAgent,0.0,0.0,32.0,105.5,0.0,0.0,0.0,0.0,0.0,0.0,0.0,0.0,0.0,0.0,0.0,0.0,0.0,0.0,0.0,0.0,0.0,0.0,0.0,0.0,0.0,0.0,0.0,0.0,0.0,0.0,0.0,0.0,0.0,0.0,0.0,New Mexico,paula reus piza,Paula Reus Piza,Loyola Marymount,WCC,lmu,0,0,https://d2vhz6gv4pigvw.cloudfront.net/images/2025/10/2/Paula_Reus_Piza.jpg?width=80&quality=90
15,Lizzy Williamson,Oregon State Beavers,F,6-5,Gr.,"Adelaide, Australia",FreeAgent,0.0,0.0,32.0,105.5,0.0,0.0,0.0,0.0,0.0,0.0,0.0,0.0,0.0,0.0,0.0,0.0,0.0,0.0,0.0,0.0,0.0,0.0,0.0,0.0,0.0,0.0,0.0,0.0,0.0,0.0,0.0,0.0,0.0,0.0,0.0,0,lizzy williamson,Lizzy Williamson,NC State,ACC,osu,Oregon St.,WCC,https://images.sidearmdev.com/crop?url=https%3A%2F%2Fdxbhsrqyrr690.cloudfront.net%2Fsidearm.nextgen.sites%2Foregonstate.sidearmsports.com%2Fimages%2F2025%2F5%2F16%2F25WBB_Recruit_Lizzy_Williamson_0037.jpg&width=603&height=803&gravity=north&type=webp
10,Lauren Grover,Santa Clara Broncos,F,6-1,Sr.,"Corona, CA",FreeAgent,1.0,1.0,18.0,66.5,1.0,3.0,0.0,0.0,0.0,0.0,0.0,0.0,0.0,0.0,0.0,0.0,0.0,0.0,0.0,0.0,0.0,3.0,0.0,0.0,0.0,0.0,0.0,0.0,0.0,0.0,0.0,0.0,0.0,0.0,0.0,0,lauren grover,Lauren Grover,Santa Clara,WCC,santa clara,0,0,https://santaclarabroncos.com/images/2025/9/18/grover_laurenDJR13261.JPG?width=80&quality=90
32,Néné Sow,Oregon State Beavers,C,6-8,R-Sr.,"Brussels, Belgium",FreeAgent,0.0,0.0,4.0,105.5,0.0,0.0,0.0,0.0,0.0,0.0,0.0,0.0,0.0,0.0,0.0,0.0,0.0,0.0,0.0,0.0,0.0,0.0,0.0,0.0,0.0,0.0,0.0,0.0,0.0,0.0,0.0,0.0,0.0,0.0,0.0,0,nene sow,Nene Sow,Utah,Big 12,osu,Oregon St.,WCC,https://images.sidearmdev.com/crop?url=https%3A%2F%2Fdxbhsrqyrr690.cloudfront.net%2Fsidearm.nextgen.sites%2Foregonstate.sidearmsports.com%2Fimages%2F2025%2F5%2F12%2F25WBB_Recruit_Ne_ne__Sow_0060.jpg&width=603&height=803&gravity=north&type=webp
24,Reilly Clark,Santa Clara Broncos,G,5-10,R-So.,"Tucson, AZ",FreeAgent,0.0,0.0,65.5,105.5,0.0,0.0,0.0,0.0,0.0,0.0,0.0,0.0,0.0,0.0,0.0,0.0,0.0,0.0,0.0,0.0,0.0,0.0,0.0,0.0,0.0,0.0,0.0,0.0,0.0,0.0,0.0,0.0,0.0,0.0,0.0,0,reilly clark,Reilly Clark,Northern Ariz.,Big Sky,santa clara,Santa Clara,WCC,https://santaclarabroncos.com/images/2025/9/18/clark_reillyDJR13192.JPG?width=80&quality=90
3,Bella Green,Pepperdine Waves,G,6-0,Graduate,"Perth, Australia",FreeAgent,5.0,5.0,34.0,53.0,1.0,16.0,3.0,6.0,1.0,1.0,0.0,0.0,0.0,3.0,5.0,0.0,1.0,1.0,1.0,5.0,5.0,16.0,3.0,6.0,1.0,1.0,0.0,5.0,0.0,1.0,0.0,0.0,3.0,4.0,4.0,University of West Florida,bella green,0,0,0,pepperdine,0,0,https://daitadul56i2n.cloudfront.net/images/2025/9/26/3_green.jpg?width=80&quality=90
4,Meghan McIntyre,San Francisco Dons,G,5-6,Graduate,"Garden Grove, Calif.",FreeAgent,0.0,0.0,65.5,105.5,0.0,0.0,0.0,0.0,0.0,0.0,0.0,0.0,0.0,0.0,0.0,0.0,0.0,0.0,0.0,0.0,0.0,0.0,0.0,0.0,0.0,0.0,0.0,0.0,0.0,0.0,0.0,0.0,0.0,0.0,0.0,Southern Oregon/Orange Coast CC/Golden West CC,meghan mcintyre,0,0,0,usf,0,0,https://drtye9aslmeh1.cloudfront.net/images/2025/10/14/4_Meghan_McIntyre_Headshot.jpg?width=80&quality=90
14,Tamia Stricklin,Seattle U Redhawks,F,6-0,R-Senior,"Renton, WA",FreeAgent,9.0,9.0,10.5,49.0,1.0,24.0,12.0,4.0,0.0,1.0,0.0,0.0,0.0,0.0,6.0,6.0,11.0,2.0,2.0,2.0,2.0,24.0,12.0,4.0,0.0,1.0,0.0,6.0,6.0,11.0,0.0,0.0,0.0,0.0,0.0,Fresno State,tamia stricklin,0,0,0,seattle,0,0,https://goseattleu.com/imgproxy/hqdnYu8VbJjGaIhA0nssmoz8bxDh7cCPZKb3zncEwM4/rs:fit:1980:0:0/g:ce/q:90/aHR0cHM6Ly9zdG9yYWdlLmdvb2dsZWFwaXMuY29tL2dvc2VhdHRsZXUtY29tLXByb2QvMjAyNS8xMC8wOS9qT3o1QmpZSnVodGU0TnVub0dXUDAwQ3dFellYalM3UEZWbnpsSmR5LnBuZw.png
3,Hannah Burg,Pacific Tigers,G,5-6,Senior,"Colorado Springs, CO",FreeAgent,1.0,1.0,41.0,66.5,1.0,1.0,0.0,0.0,0.0,0.0,0.0,0.0,0.0,0.0,0.0,0.0,0.0,0.0,0.0,0.0,0.0,1.0,0.0,0.0,0.0,0.0,0.0,0.0,0.0,0.0,0.0,0.0,0.0,0.0,0.0,Augustana (SD),hannah burg,0,0,0,pacific,0,0,https://pacifictigers.com/images/2025/10/20/Hannah_Burg.png?width=80&quality=90
11,Luisa Anderegg,Pacific Tigers,F,6-2,Sr.,"Cologne, Germany",FreeAgent,1.0,1.0,18.0,66.5,1.0,9.0,3.0,1.0,0.0,0.0,0.0,1.0,2.0,0.0,2.0,1.0,2.0,0.0,0.0,1.0,1.0,9.0,3.0,1.0,0.0,0.0,0.0,2.0,1.0,2.0,1.0,2.0,0.0,0.0,0.0,Midland College,luisa anderegg,Luisa Anderegg,Pacific,WCC,pacific,0,0,https://pacifictigers.com/images/2025/10/20/Luisa_Anderegg.png?width=80&quality=90
7,Ana Milanovic,Loyola Marymount Lions,F,6-2,So.,"Belgrade, Serbia",FreeAgent,0.0,0.0,32.0,105.5,0.0,0.0,0.0,0.0,0.0,0.0,0.0,0.0,0.0,0.0,0.0,0.0,0.0,0.0,0.0,0.0,0.0,0.0,0.0,0.0,0.0,0.0,0.0,0.0,0.0,0.0,0.0,0.0,0.0,0.0,0.0,Middle Tennessee,ana milanovic,Ana Milanovic,Middle Tenn.,CUSA,lmu,LMU (CA),WCC,https://d2vhz6gv4pigvw.cloudfront.net/images/2025/10/2/Ana_Milanovic.jpg?width=80&quality=90
5,Stella Szabo,Pacific Tigers,G,5-11,R-So.,"Stockholm, Sweden",FreeAgent,10.0,10.0,31.0,47.0,1.0,21.0,6.0,3.0,1.0,0.0,0.0,2.0,4.0,0.0,1.0,2.0,5.0,0.0,0.0,3.0,3.0,21.0,6.0,3.0,1.0,0.0,0.0,1.0,2.0,5.0,2.0,4.0,0.0,0.0,0.0,Luleaa Gymnasieskola,stella szabo,Stella Szabo,Pacific,WCC,pacific,0,0,https://pacifictigers.com/images/2025/10/20/Stella_Szabo.png?width=80&quality=90
12,Shorna Preston,Pepperdine Waves,F,6-1,Junior,"Christchurch, New Zealand",FreeAgent,19.0,19.0,8.0,32.5,1.0,15.0,4.0,8.0,2.0,1.0,0.0,0.0,0.0,0.0,3.0,2.0,2.0,0.0,0.0,8.0,8.0,15.0,4.0,8.0,2.0,1.0,0.0,3.0,2.0,2.0,0.0,0.0,0.0,0.0,0.0,Dodge City Community College,shorna preston,0,0,0,pepperdine,0,0,https://daitadul56i2n.cloudfront.net/images/2025/9/26/12_Shorna.jpg?width=80&quality=90
23,Addi Wedin,Saint Mary's Gaels,G,5-10,R-Junior,"Happy Valley, OR",FreeAgent,33.0,33.0,6.0,9.0,1.0,26.0,13.0,3.0,0.0,3.0,1.0,2.0,2.0,5.0,1.0,3.0,4.0,0.0,0.0,3.0,3.0,26.0,13.0,3.0,0.0,3.0,1.0,1.0,3.0,4.0,2.0,2.0,5.0,6.0,6.0,0,addi wedin,0,0,0,smc,0,0,https://duq7p5k7s6jsa.cloudfront.net/images/2024/10/17/AW.jpg?width=80&quality=90
24,Kayla Jones,Loyola Marymount Lions,F,6-0,Junior,"Norman, OK",FreeAgent,0.0,0.0,32.0,105.5,0.0,0.0,0.0,0.0,0.0,0.0,0.0,0.0,0.0,0.0,0.0,0.0,0.0,0.0,0.0,0.0,0.0,0.0,0.0,0.0,0.0,0.0,0.0,0.0,0.0,0.0,0.0,0.0,0.0,0.0,0.0,Grayson College,kayla jones,0,0,0,lmu,0,0,https://d2vhz6gv4pigvw.cloudfront.net/images/2025/10/2/Kayla_Jones.jpg?width=80&quality=90
12,Mackenzie Shivers,Oregon State Beavers,G,5-6,R-Junior,"Mesa, AZ",FreeAgent,0.0,0.0,65.5,105.5,0.0,0.0,0.0,0.0,0.0,0.0,0.0,0.0,0.0,0.0,0.0,0.0,0.0,0.0,0.0,0.0,0.0,0.0,0.0,0.0,0.0,0.0,0.0,0.0,0.0,0.0,0.0,0.0,0.0,0.0,0.0,0,mackenzie shivers,0,0,0,osu,0,0,https://images.sidearmdev.com/crop?url=https%3A%2F%2Fdxbhsrqyrr690.cloudfront.net%2Fsidearm.nextgen.sites%2Foregonstate.sidearmsports.com%2Fimages%2F2024%2F10%2F2%2FWBB_Headshot-8.jpg&width=603&height=803&gravity=north&type=webp
24,Sydnie Rodriguez,Seattle U Redhawks,G,6-0,Sophomore,"Boise, ID",FreeAgent,-6.0,-6.0,92.0,146.5,1.0,26.0,3.0,5.0,0.0,0.0,0.0,1.0,8.0,0.0,0.0,1.0,10.0,2.0,2.0,3.0,3.0,26.0,3.0,5.0,0.0,0.0,0.0,0.0,1.0,10.0,1.0,8.0,0.0,0.0,0.0,Owhyee HS,sydnie rodriguez,0,0,0,seattle,0,0,https://goseattleu.com/imgproxy/coiLDNnfD4ptGSHU6KNsQGAz0cK2mGzljSZiA1gw3wc/rs:fit:1980:0:0/g:ce/q:90/aHR0cHM6Ly9zdG9yYWdlLmdvb2dsZWFwaXMuY29tL2dvc2VhdHRsZXUtY29tLXByb2QvMjAyNS8xMC8wOS85RENVaGt6T2NWaUlaMWMySEJLck1YeTM4a1Q4aWN3RnhJRHBzQzlzLnBuZw.png
3,Florence Dallow,Portland Pilots,G,6-2,R-Sophomore,"Auckland, New Zealand",FreeAgent,19.0,19.0,21.0,32.5,1.0,12.0,11.0,3.0,1.0,0.0,0.0,1.0,2.0,0.0,0.0,5.0,9.0,1.0,1.0,2.0,2.0,12.0,11.0,3.0,1.0,0.0,0.0,0.0,5.0,9.0,1.0,2.0,0.0,0.0,0.0,Epsom Girls Grammar School,florence dallow,0,0,0,portland,0,0,https://portlandpilots.com/images/2025/10/15/Dallow_Florence26web.JPG?width=80&quality=90
22,Lucy Larson,Seattle U Redhawks,G,5-10,Sophomore,"Seattle, WA",FreeAgent,2.0,2.0,38.0,61.5,1.0,14.0,2.0,1.0,0.0,1.0,0.0,0.0,1.0,0.0,1.0,1.0,3.0,0.0,0.0,1.0,1.0,14.0,2.0,1.0,0.0,1.0,0.0,1.0,1.0,3.0,0.0,1.0,0.0,1.0,1.0,0,lucy larson,0,0,0,seattle,0,0,https://goseattleu.com/imgproxy/dR1mTc9WB43roTFVu20B6gcm0knq8UA90sb7kmGCh0Y/rs:fit:1980:0:0/g:ce/q:90/aHR0cHM6Ly9zdG9yYWdlLmdvb2dsZWFwaXMuY29tL2dvc2VhdHRsZXUtY29tLXByb2QvMjAyNS8xMC8wOS8zWXVFQnJjUkFCSzJ6VVB2ejhTQnFFdHY0M0o4clh1WVAyUnRqSlZ3LnBuZw.png
22,Paula Tirado,San Francisco Dons,G,5-7,R-Sophomore,"Mataro, Spain",FreeAgent,0.0,0.0,65.5,105.5,0.0,0.0,0.0,0.0,0.0,0.0,0.0,0.0,0.0,0.0,0.0,0.0,0.0,0.0,0.0,0.0,0.0,0.0,0.0,0.0,0.0,0.0,0.0,0.0,0.0,0.0,0.0,0.0,0.0,0.0,0.0,IES Damia Campeny,paula tirado,0,0,0,usf,0,0,https://drtye9aslmeh1.cloudfront.net/images/2025/10/14/22_Paula_Tirado_Headshot.jpg?width=80&quality=90
23,Kenlee Durrill,Pacific Tigers,G,5-10,R-Sophomore,"Denver, CO",FreeAgent,0.0,0.0,65.5,105.5,0.0,0.0,0.0,0.0,0.0,0.0,0.0,0.0,0.0,0.0,0.0,0.0,0.0,0.0,0.0,0.0,0.0,0.0,0.0,0.0,0.0,0.0,0.0,0.0,0.0,0.0,0.0,0.0,0.0,0.0,0.0,Flat Irons,kenlee durrill,0,0,0,pacific,0,0,https://pacifictigers.com/images/2025/10/20/Kenlee_Durrill.png?width=80&quality=90
4,Fia Proctor,Seattle U Redhawks,F,6-2,Sophomore,"Bothell, WA",FreeAgent,-1.0,-1.0,45.0,142.0,1.0,9.0,0.0,0.0,0.0,0.0,0.0,0.0,0.0,0.0,0.0,0.0,1.0,0.0,0.0,0.0,0.0,9.0,0.0,0.0,0.0,0.0,0.0,0.0,0.0,1.0,0.0,0.0,0.0,0.0,0.0,Wyoming,fia proctor,Fia Proctor,Wyoming,MWC,seattle,Seattle U,WCC,https://goseattleu.com/imgproxy/lT84Eiib8dxXLjZTLzwcEEjJ57UGhnWaudg-BO-H7HA/rs:fit:1980:0:0/g:ce/q:90/aHR0cHM6Ly9zdG9yYWdlLmdvb2dsZWFwaXMuY29tL2dvc2VhdHRsZXUtY29tLXByb2QvMjAyNS8xMC8wOS9MNzlmZG5sVG5ROXRNQzVnR3dCUnJkV09lakFQcDVIRGFDYWZKaWxXLnBuZw.png
10,Lova Lagerlid,Loyola Marymount Lions,G,6-1,So.,"Stockholm, Sweden",FreeAgent,0.0,0.0,65.5,105.5,0.0,0.0,0.0,0.0,0.0,0.0,0.0,0.0,0.0,0.0,0.0,0.0,0.0,0.0,0.0,0.0,0.0,0.0,0.0,0.0,0.0,0.0,0.0,0.0,0.0,0.0,0.0,0.0,0.0,0.0,0.0,Colorado,lova lagerlid,Lova Lagerlid,Colorado,Big 12,lmu,LMU (CA),WCC,https://d2vhz6gv4pigvw.cloudfront.net/images/2025/10/2/Lova_Lagerlid.jpg?width=80&quality=90
24,LaMiracle Lebon,Pacific Tigers,F,6-3,Freshman,"Columbus, MS",FreeAgent,0.0,0.0,32.0,105.5,0.0,0.0,0.0,0.0,0.0,0.0,0.0,0.0,0.0,0.0,0.0,0.0,0.0,0.0,0.0,0.0,0.0,0.0,0.0,0.0,0.0,0.0,0.0,0.0,0.0,0.0,0.0,0.0,0.0,0.0,0.0,Vanden HS,lamiracle lebon,0,0,0,pacific,0,0,https://pacifictigers.com/images/2025/10/20/LaMiracle_Lebon.png?width=80&quality=90
32,Sophia Priestley,San Francisco Dons,F,6-2,Freshman,"Oslo, Norway",FreeAgent,0.0,0.0,32.0,105.5,0.0,0.0,0.0,0.0,0.0,0.0,0.0,0.0,0.0,0.0,0.0,0.0,0.0,0.0,0.0,0.0,0.0,0.0,0.0,0.0,0.0,0.0,0.0,0.0,0.0,0.0,0.0,0.0,0.0,0.0,0.0,Ullern IF Oslo,sophia priestley,0,0,0,usf,0,0,https://drtye9aslmeh1.cloudfront.net/images/2025/10/14/32_Sophia_Priestley_Headshot.jpg?width=80&quality=90
3,Noelia Mourino,San Francisco Dons,F,6-2,Freshman,"O Porrino, Spain",FreeAgent,0.0,0.0,32.0,105.5,0.0,0.0,0.0,0.0,0.0,0.0,0.0,0.0,0.0,0.0,0.0,0.0,0.0,0.0,0.0,0.0,0.0,0.0,0.0,0.0,0.0,0.0,0.0,0.0,0.0,0.0,0.0,0.0,0.0,0.0,0.0,Segle XXI Barcelona,noelia mourino,0,0,0,usf,0,0,https://drtye9aslmeh1.cloudfront.net/images/2025/10/14/3_Noelia_Mourino_Headshot.jpg?width=80&quality=90
8,Sophia Mindermann,Pacific Tigers,G,5-10,Freshman,"Folsom, CA",FreeAgent,1.0,1.0,41.0,66.5,1.0,18.0,4.0,1.0,4.0,0.0,0.0,1.0,7.0,1.0,1.0,1.0,10.0,0.0,0.0,1.0,1.0,18.0,4.0,1.0,4.0,0.0,0.0,1.0,1.0,10.0,1.0,7.0,1.0,3.0,3.0,Folsom HS,sophia mindermann,0,0,0,pacific,0,0,https://pacifictigers.com/images/2025/10/20/Sophia_Mindermann.png?width=80&quality=90
9,Aina Cargol,San Francisco Dons,G,5-9,Freshman,"Olot, Spain",FreeAgent,0.0,0.0,65.5,105.5,0.0,0.0,0.0,0.0,0.0,0.0,0.0,0.0,0.0,0.0,0.0,0.0,0.0,0.0,0.0,0.0,0.0,0.0,0.0,0.0,0.0,0.0,0.0,0.0,0.0,0.0,0.0,0.0,0.0,0.0,0.0,Spar Girona,aina cargol,0,0,0,usf,0,0,https://drtye9aslmeh1.cloudfront.net/images/2025/10/14/9_Aina_Cargol_Headshot.jpg?width=80&quality=90
10,Amy Pateman,San Francisco Dons,G,5-8,Freshman,"Auckland, New Zealand",FreeAgent,0.0,0.0,65.5,105.5,0.0,0.0,0.0,0.0,0.0,0.0,0.0,0.0,0.0,0.0,0.0,0.0,0.0,0.0,0.0,0.0,0.0,0.0,0.0,0.0,0.0,0.0,0.0,0.0,0.0,0.0,0.0,0.0,0.0,0.0,0.0,Westlake Girls High School,amy pateman,0,0,0,usf,0,0,https://drtye9aslmeh1.cloudfront.net/images/2025/10/14/10_Amy_Pateman_Headshot.jpg?width=80&quality=90
7,Liv Yergensen,Pacific Tigers,G,5-11,Freshman,"El Dorado Hills, CA",FreeAgent,9.0,9.0,32.0,49.0,1.0,20.0,8.0,2.0,0.0,0.0,1.0,0.0,2.0,0.0,2.0,4.0,7.0,1.0,1.0,1.0,1.0,20.0,8.0,2.0,0.0,0.0,1.0,2.0,4.0,7.0,0.0,2.0,0.0,0.0,0.0,Oak Ridge HS,liv yergensen,0,0,0,pacific,0,0,https://pacifictigers.com/images/2025/10/20/Liv_Yergensen.png?width=80&quality=90
12,Natasa Tausova,San Francisco Dons,F,6-3,Freshman,"Poprad, Slovakia",FreeAgent,0.0,0.0,32.0,105.5,0.0,0.0,0.0,0.0,0.0,0.0,0.0,0.0,0.0,0.0,0.0,0.0,0.0,0.0,0.0,0.0,0.0,0.0,0.0,0.0,0.0,0.0,0.0,0.0,0.0,0.0,0.0,0.0,0.0,0.0,0.0,Piestanske Cajky,natasa tausova,0,0,0,usf,0,0,https://drtye9aslmeh1.cloudfront.net/images/2025/10/14/12_Natasa_Tausova_Headshot.jpg?width=80&quality=90
20,Delainey Miller,Santa Clara Broncos,G,5-10,Freshman,"Aurora, CO",FreeAgent,29.0,29.0,10.0,13.0,1.0,25.0,8.0,11.0,5.0,1.0,2.0,0.0,2.0,4.0,3.0,2.0,7.0,6.0,6.0,5.0,5.0,25.0,8.0,11.0,5.0,1.0,2.0,3.0,2.0,7.0,0.0,2.0,4.0,9.0,9.0,0,delainey miller,0,0,0,santa clara,0,0,https://santaclarabroncos.com/images/2025/9/18/miller_delaneyDJR13189.JPG?width=80&quality=90
15,Keandra Koorits,Washington State Cougars,G/F,6-2,R-Freshman,"Tallinn, Estonia",FreeAgent,25.0,25.0,2.0,20.5,1.0,30.0,23.0,6.0,0.0,0.0,0.0,3.0,5.0,8.0,3.0,6.0,10.0,1.0,1.0,5.0,5.0,30.0,23.0,6.0,0.0,0.0,0.0,3.0,6.0,10.0,3.0,5.0,8.0,9.0,9.0,Audentes Sports Gymnasium,keandra koorits,0,0,0,wsu,0,0,https://d1gp0cqcpext3x.cloudfront.net/images/2025/10/9/Koorits__Keandra.png?width=80&quality=90
1,Malvina Haziri,Washington State Cougars,G,5-9,Freshman,"Vushtrria, Kosovo",FreeAgent,0.0,0.0,65.5,105.5,0.0,0.0,0.0,0.0,0.0,0.0,0.0,0.0,0.0,0.0,0.0,0.0,0.0,0.0,0.0,0.0,0.0,0.0,0.0,0.0,0.0,0.0,0.0,0.0,0.0,0.0,0.0,0.0,0.0,0.0,0.0,KBF Prishtina,malvina haziri,0,0,0,wsu,0,0,https://d1gp0cqcpext3x.cloudfront.net/images/2025/10/9/Haziri__Malvina.png?width=80&quality=90
6,Tahara Magassa,Washington State Cougars,F,6-4,Freshman,"Paris, France",FreeAgent,0.0,0.0,32.0,105.5,0.0,0.0,0.0,0.0,0.0,0.0,0.0,0.0,0.0,0.0,0.0,0.0,0.0,0.0,0.0,0.0,0.0,0.0,0.0,0.0,0.0,0.0,0.0,0.0,0.0,0.0,0.0,0.0,0.0,0.0,0.0,Saint-Amand Hainut,tahara magassa,0,0,0,wsu,0,0,https://dxbhsrqyrr690.cloudfront.net/sidearm.nextgen.sites/wsu.sidearmsports.com/images/responsive_2020/logo_main.svg
9,Tanja Valancic,Washington State Cougars,F,6-0,Freshman,"Ljubljana, Slovenia",FreeAgent,-6.0,-6.0,46.0,146.5,1.0,13.0,0.0,1.0,0.0,0.0,0.0,0.0,1.0,0.0,1.0,0.0,4.0,1.0,1.0,0.0,0.0,13.0,0.0,1.0,0.0,0.0,0.0,1.0,0.0,4.0,0.0,1.0,0.0,0.0,0.0,Akson Ilirija,tanja valancic,0,0,0,wsu,0,0,https://d1gp0cqcpext3x.cloudfront.net/images/2025/10/9/Valancic__Tanja.png?width=80&quality=90
55,Malia Ruud,Washington State Cougars,F,6-2,Freshman,"Pasco, Wash.",FreeAgent,20.0,20.0,7.0,30.0,1.0,21.0,9.0,2.0,0.0,1.0,1.0,1.0,1.0,0.0,0.0,4.0,5.0,1.0,1.0,1.0,1.0,21.0,9.0,2.0,0.0,1.0,1.0,0.0,4.0,5.0,1.0,1.0,0.0,2.0,2.0,Chiawana HS,malia ruud,0,0,0,wsu,0,0,https://d1gp0cqcpext3x.cloudfront.net/images/2025/10/9/Ruud__Malia.png?width=80&quality=90
0,Goundo Diakite Bayo,Portland Pilots,F,6-1,Freshman,"Barcelona, Spain",FreeAgent,0.0,0.0,32.0,105.5,0.0,0.0,0.0,0.0,0.0,0.0,0.0,0.0,0.0,0.0,0.0,0.0,0.0,0.0,0.0,0.0,0.0,0.0,0.0,0.0,0.0,0.0,0.0,0.0,0.0,0.0,0.0,0.0,0.0,0.0,0.0,IES Carles Vallbona,goundo diakite bayo,0,0,0,portland,0,0,https://portlandpilots.com/images/2025/10/15/Diakite_Goundoba26web.JPG?width=80&quality=90
5,Aubrey Herrin,Portland Pilots,G,6-1,Freshman,"Kennewick, WA",FreeAgent,18.0,18.0,22.0,35.0,1.0,18.0,6.0,4.0,1.0,0.0,2.0,0.0,0.0,0.0,2.0,3.0,4.0,1.0,1.0,3.0,3.0,18.0,6.0,4.0,1.0,0.0,2.0,2.0,3.0,4.0,0.0,0.0,0.0,0.0,0.0,Kamiakin HS,aubrey herrin,0,0,0,portland,0,0,https://portlandpilots.com/images/2025/10/15/Herrin_Aubrey26web.JPG?width=80&quality=90
9,Jada Kennedy,Portland Pilots,C,6-5,Freshman,"Melbourne, Australia",FreeAgent,16.0,16.0,1.0,38.5,1.0,14.0,6.0,4.0,1.0,0.0,0.0,0.0,0.0,0.0,0.0,3.0,4.0,2.0,2.0,2.0,2.0,14.0,6.0,4.0,1.0,0.0,0.0,0.0,3.0,4.0,0.0,0.0,0.0,0.0,0.0,Siena College,jada kennedy,0,0,0,portland,0,0,https://portlandpilots.com/images/2025/10/15/Kennedy_Jada26web.JPG?width=80&quality=90
12,Brynn Smith,Portland Pilots,G,6-0,Freshman,"Eugene, OR",FreeAgent,32.0,32.0,7.5,10.5,1.0,20.0,12.0,1.0,2.0,4.0,0.0,0.0,1.0,0.0,3.0,6.0,9.0,0.0,0.0,1.0,1.0,20.0,12.0,1.0,2.0,4.0,0.0,3.0,6.0,9.0,0.0,1.0,0.0,0.0,0.0,Willamette HS,brynn smith,0,0,0,portland,0,0,https://portlandpilots.com/images/2025/10/15/Smith_Brynn26web.JPG?width=80&quality=90
14,Caitlin Monahan,Portland Pilots,G,5-10,R-Freshman,"Mercer Island, WA",FreeAgent,5.0,5.0,34.0,53.0,1.0,14.0,0.0,3.0,2.0,0.0,1.0,0.0,1.0,0.0,2.0,0.0,3.0,2.0,2.0,1.0,1.0,14.0,0.0,3.0,2.0,0.0,1.0,2.0,0.0,3.0,0.0,1.0,0.0,0.0,0.0,Mercer Island HS,caitlin monahan,0,0,0,portland,0,0,https://portlandpilots.com/images/2025/10/15/Monahan_Caitlyn26web.JPG?width=80&quality=90
35,Camille Dake,Portland Pilots,G,6-0,Freshman,"Vista, CA",FreeAgent,0.0,0.0,65.5,105.5,0.0,0.0,0.0,0.0,0.0,0.0,0.0,0.0,0.0,0.0,0.0,0.0,0.0,0.0,0.0,0.0,0.0,0.0,0.0,0.0,0.0,0.0,0.0,0.0,0.0,0.0,0.0,0.0,0.0,0.0,0.0,Rancho Buena Vista HS,camille dake,0,0,0,portland,0,0,https://portlandpilots.com/images/2025/10/15/Dake_Camille26web.jpg?width=80&quality=90
24,Colleena Bryant,Saint Mary's Gaels,G,5-7,Freshman,"Detroit, MI",FreeAgent,0.0,0.0,65.5,105.5,0.0,0.0,0.0,0.0,0.0,0.0,0.0,0.0,0.0,0.0,0.0,0.0,0.0,0.0,0.0,0.0,0.0,0.0,0.0,0.0,0.0,0.0,0.0,0.0,0.0,0.0,0.0,0.0,0.0,0.0,0.0,0,colleena bryant,0,0,0,smc,0,0,https://duq7p5k7s6jsa.cloudfront.net/images/2025/7/8/Colleena_Bryant_Summer_Headshot.png?width=80&quality=90
44,Julia Dalan,Portland Pilots,C/F,6-3,Freshman,"Centralia, WA",FreeAgent,18.0,18.0,1.0,35.0,1.0,15.0,8.0,3.0,1.0,0.0,2.0,0.0,0.0,0.0,2.0,4.0,7.0,1.0,1.0,2.0,2.0,15.0,8.0,3.0,1.0,0.0,2.0,2.0,4.0,7.0,0.0,0.0,0.0,0.0,0.0,W.F. West HS,julia dalan,0,0,0,portland,0,0,https://portlandpilots.com/images/2025/10/15/Dalan_Julia26web.JPG?width=80&quality=90
11,Coco Urlacher,Saint Mary's Gaels,G,5-10,Freshman,"Palatine, IL",FreeAgent,0.0,0.0,65.5,105.5,0.0,0.0,0.0,0.0,0.0,0.0,0.0,0.0,0.0,0.0,0.0,0.0,0.0,0.0,0.0,0.0,0.0,0.0,0.0,0.0,0.0,0.0,0.0,0.0,0.0,0.0,0.0,0.0,0.0,0.0,0.0,0,coco urlacher,0,0,0,smc,0,0,https://duq7p5k7s6jsa.cloudfront.net/images/2025/7/8/Coco_Urlacher_Summer_Headshot.png?width=80&quality=90
1,Paige Lofing,Gonzaga Bulldogs,G,5-9,Freshman,"Billings, MT",FreeAgent,0.0,0.0,65.5,105.5,0.0,0.0,0.0,0.0,0.0,0.0,0.0,0.0,0.0,0.0,0.0,0.0,0.0,0.0,0.0,0.0,0.0,0.0,0.0,0.0,0.0,0.0,0.0,0.0,0.0,0.0,0.0,0.0,0.0,0.0,0.0,0,paige lofing,0,0,0,gonzaga,0,0,https://d2jpxbzntgxotn.cloudfront.net/images/2025/9/10/paige_lofing-2059.JPG?width=80&quality=90
5,Dylan Mogel,Seattle U Redhawks,G,5-9,Freshman,"Clackamas, OR",FreeAgent,4.0,4.0,36.5,56.0,1.0,27.0,1.0,0.0,3.0,1.0,0.0,0.0,0.0,1.0,4.0,0.0,1.0,0.0,0.0,0.0,0.0,27.0,1.0,0.0,3.0,1.0,0.0,4.0,0.0,1.0,0.0,0.0,1.0,2.0,2.0,0,dylan mogel,0,0,0,seattle,0,0,https://goseattleu.com/imgproxy/GjzClbkFb4-W9mtTVxl3VaZ_1ZrH0WCOQzp4uRrZF3I/rs:fit:1980:0:0/g:ce/q:90/aHR0cHM6Ly9zdG9yYWdlLmdvb2dsZWFwaXMuY29tL2dvc2VhdHRsZXUtY29tLXByb2QvMjAyNS8xMC8wOS9TUWt3dnhLbXM5VHFUeGVCY2dCenlwc0ZnMmdkbWdiY3JVQTZzN2xxLnBuZw.png
8,Chloe Emanga,Seattle U Redhawks,G,5-9,Freshman,"Marbach Am Neckar, Germany",FreeAgent,5.0,5.0,34.0,53.0,1.0,15.0,3.0,1.0,0.0,1.0,0.0,1.0,1.0,0.0,1.0,1.0,4.0,0.0,0.0,1.0,1.0,15.0,3.0,1.0,0.0,1.0,0.0,1.0,1.0,4.0,1.0,1.0,0.0,0.0,0.0,BasCats USC Heidelberg,chloe emanga,0,0,0,seattle,0,0,https://goseattleu.com/imgproxy/CfoRoMa7CQBDPXJA4SEv1d8OKSy4StWqGvLxTi4JMhE/rs:fit:1980:0:0/g:ce/q:90/aHR0cHM6Ly9zdG9yYWdlLmdvb2dsZWFwaXMuY29tL2dvc2VhdHRsZXUtY29tLXByb2QvMjAyNS8xMC8wOS82UEdENGZvZk16NVFVNFA5c01DWVBOQjhaWFo5T1NPRzc4SVVpa0dvLnBuZw.png
9,Jana Vesic,Seattle U Redhawks,G,5-7,Freshman,"Belgrade, Serbia",FreeAgent,-4.0,-4.0,91.0,145.0,1.0,18.0,6.0,2.0,2.0,0.0,0.0,0.0,3.0,4.0,4.0,1.0,9.0,1.0,1.0,1.0,1.0,18.0,6.0,2.0,2.0,0.0,0.0,4.0,1.0,9.0,0.0,3.0,4.0,4.0,4.0,0,jana vesic,0,0,0,seattle,0,0,https://goseattleu.com/imgproxy/TRnpsePGP3bf6OKdSgsSEGk-j81iVKC0DE6AWhSOSU0/rs:fit:1980:0:0/g:ce/q:90/aHR0cHM6Ly9zdG9yYWdlLmdvb2dsZWFwaXMuY29tL2dvc2VhdHRsZXUtY29tLXByb2QvMjAyNS8xMC8wOS9VR2ZLc3FydXkyV0Z1MkZiTkk0Q0pySkhld3cyM1VEZVhHMWs3ZVMxLnBuZw.png
2,Katelyn Field,Oregon State Beavers,G,5-11,Freshman,"Melbourne, Australia",FreeAgent,0.0,0.0,65.5,105.5,0.0,0.0,0.0,0.0,0.0,0.0,0.0,0.0,0.0,0.0,0.0,0.0,0.0,0.0,0.0,0.0,0.0,0.0,0.0,0.0,0.0,0.0,0.0,0.0,0.0,0.0,0.0,0.0,0.0,0.0,0.0,0,katelyn field,0,0,0,osu,0,0,https://images.sidearmdev.com/crop?url=https%3A%2F%2Fdxbhsrqyrr690.cloudfront.net%2Fsidearm.nextgen.sites%2Foregonstate.sidearmsports.com%2Fimages%2F2025%2F5%2F12%2FKF_Headshot.jpg&width=603&height=803&gravity=north&type=webp
22,Lara Alonso-Basurto,Oregon State Beavers,F,6-3,Freshman,"Madrid, Spain",FreeAgent,0.0,0.0,32.0,105.5,0.0,0.0,0.0,0.0,0.0,0.0,0.0,0.0,0.0,0.0,0.0,0.0,0.0,0.0,0.0,0.0,0.0,0.0,0.0,0.0,0.0,0.0,0.0,0.0,0.0,0.0,0.0,0.0,0.0,0.0,0.0,0,lara alonso-basurto,0,0,0,osu,0,0,https://upload.wikimedia.org/wikipedia/en/1/1b/Oregon_State_Beavers_logo.svg
25,Keira Lindemans,Oregon State Beavers,G,6-0,Freshman,"Melbourne, Australia",FreeAgent,0.0,0.0,65.5,105.5,0.0,0.0,0.0,0.0,0.0,0.0,0.0,0.0,0.0,0.0,0.0,0.0,0.0,0.0,0.0,0.0,0.0,0.0,0.0,0.0,0.0,0.0,0.0,0.0,0.0,0.0,0.0,0.0,0.0,0.0,0.0,0,keira lindemans,0,0,0,osu,0,0,https://images.sidearmdev.com/crop?url=https%3A%2F%2Fdxbhsrqyrr690.cloudfront.net%2Fsidearm.nextgen.sites%2Foregonstate.sidearmsports.com%2Fimages%2F2025%2F5%2F12%2FKL_Headshot.jpg&width=603&height=803&gravity=north&type=webp
10,Ilinca Belegante,Pepperdine Waves,G,6-0,Freshman,"Bucharest, Romania",FreeAgent,-1.0,-1.0,88.5,142.0,1.0,1.0,0.0,0.0,0.0,0.0,0.0,0.0,0.0,0.0,1.0,0.0,0.0,0.0,0.0,0.0,0.0,1.0,0.0,0.0,0.0,0.0,0.0,1.0,0.0,0.0,0.0,0.0,0.0,0.0,0.0,0,ilinca belegante,0,0,0,pepperdine,0,0,https://daitadul56i2n.cloudfront.net/images/2025/9/26/10_Ilinca.jpg?width=80&quality=90
11,Quinn VanSickle,Pepperdine Waves,G,5-8,Freshman,"Castle Rock, CO",FreeAgent,-1.0,-1.0,88.5,142.0,1.0,6.0,0.0,0.0,0.0,0.0,0.0,0.0,0.0,0.0,1.0,0.0,0.0,0.0,0.0,0.0,0.0,6.0,0.0,0.0,0.0,0.0,0.0,1.0,0.0,0.0,0.0,0.0,0.0,0.0,0.0,0,quinn vansickle,0,0,0,pepperdine,0,0,https://daitadul56i2n.cloudfront.net/images/2025/9/26/11_quinn.jpg?width=80&quality=90
30,Seleh Harmon,Pepperdine Waves,G,5-10,Freshman,"Norman, OK",FreeAgent,35.0,35.0,4.5,7.0,1.0,23.0,15.0,0.0,2.0,2.0,1.0,5.0,7.0,0.0,2.0,5.0,7.0,0.0,0.0,0.0,0.0,23.0,15.0,0.0,2.0,2.0,1.0,2.0,5.0,7.0,5.0,7.0,0.0,0.0,0.0,0,seleh harmon,0,0,0,pepperdine,0,0,https://daitadul56i2n.cloudfront.net/images/2025/9/26/30_seleh.jpg?width=80&quality=90
44,Zoe Shanahan,Pepperdine Waves,F,6-2,Freshman,"Melbourne, Australia",FreeAgent,1.0,1.0,18.0,66.5,1.0,2.0,0.0,0.0,0.0,0.0,0.0,0.0,0.0,0.0,0.0,0.0,0.0,0.0,0.0,0.0,0.0,2.0,0.0,0.0,0.0,0.0,0.0,0.0,0.0,0.0,0.0,0.0,0.0,0.0,0.0,0,zoe shanahan,0,0,0,pepperdine,0,0,https://daitadul56i2n.cloudfront.net/images/2025/9/26/44_Zoe.jpg?width=80&quality=90
3,Julia Wilson,Gonzaga Bulldogs,G,5-10,Freshman,"Temecula, CA",FreeAgent,0.0,0.0,65.5,105.5,0.0,0.0,0.0,0.0,0.0,0.0,0.0,0.0,0.0,0.0,0.0,0.0,0.0,0.0,0.0,0.0,0.0,0.0,0.0,0.0,0.0,0.0,0.0,0.0,0.0,0.0,0.0,0.0,0.0,0.0,0.0,Rancho Christian HS,julia wilson,0,0,0,gonzaga,0,0,https://d2jpxbzntgxotn.cloudfront.net/images/2025/9/10/julia_wilson-7070.JPG?width=80&quality=90
23,Jaiden Haile,Gonzaga Bulldogs,F,6-2,Freshman,"Fargo, ND",FreeAgent,0.0,0.0,32.0,105.5,0.0,0.0,0.0,0.0,0.0,0.0,0.0,0.0,0.0,0.0,0.0,0.0,0.0,0.0,0.0,0.0,0.0,0.0,0.0,0.0,0.0,0.0,0.0,0.0,0.0,0.0,0.0,0.0,0.0,0.0,0.0,West Fargo Horace HS,jaiden haile,0,0,0,gonzaga,0,0,https://d2jpxbzntgxotn.cloudfront.net/images/2025/9/10/jaiden_haile.JPG?width=80&quality=90
33,Lauren Whittaker,Gonzaga Bulldogs,F,6-3,R-Freshman,"Canterbury, New Zealand",FreeAgent,0.0,0.0,32.0,105.5,0.0,0.0,0.0,0.0,0.0,0.0,0.0,0.0,0.0,0.0,0.0,0.0,0.0,0.0,0.0,0.0,0.0,0.0,0.0,0.0,0.0,0.0,0.0,0.0,0.0,0.0,0.0,0.0,0.0,0.0,0.0,0,lauren whittaker,0,0,0,gonzaga,0,0,https://d2jpxbzntgxotn.cloudfront.net/images/2025/9/10/lauren_whittaker-1119.JPG?width=80&quality=90
3,Kate Schat,Santa Clara Broncos,G,5-9,Freshman,"Redwood Valley, CA",FreeAgent,14.0,14.0,26.5,42.0,1.0,22.0,11.0,4.0,2.0,1.0,1.0,3.0,9.0,2.0,3.0,3.0,10.0,2.0,2.0,2.0,2.0,22.0,11.0,4.0,2.0,1.0,1.0,3.0,3.0,10.0,3.0,9.0,2.0,4.0,4.0,0,kate schat,0,0,0,santa clara,0,0,https://santaclarabroncos.com/images/2025/9/18/schat_katieDJR13224.JPG?width=80&quality=90
4,Maddy Warberg,Santa Clara Broncos,G,5-11,Freshman,"Eugene, OR",FreeAgent,0.0,0.0,65.5,105.5,0.0,0.0,0.0,0.0,0.0,0.0,0.0,0.0,0.0,0.0,0.0,0.0,0.0,0.0,0.0,0.0,0.0,0.0,0.0,0.0,0.0,0.0,0.0,0.0,0.0,0.0,0.0,0.0,0.0,0.0,0.0,0,maddy warberg,0,0,0,santa clara,0,0,https://santaclarabroncos.com/images/2025/9/18/warberg_maddyDJR13195.JPG?width=80&quality=90
5,Sara Schmerbach,Santa Clara Broncos,G,5-11,Freshman,"South Medford, OR",FreeAgent,0.0,0.0,65.5,105.5,0.0,0.0,0.0,0.0,0.0,0.0,0.0,0.0,0.0,0.0,0.0,0.0,0.0,0.0,0.0,0.0,0.0,0.0,0.0,0.0,0.0,0.0,0.0,0.0,0.0,0.0,0.0,0.0,0.0,0.0,0.0,0,sara schmerbach,0,0,0,santa clara,0,0,https://santaclarabroncos.com/images/2025/9/18/schimerbach_saraDJR13228.JPG?width=80&quality=90
6,Sienna Grieger,Santa Clara Broncos,G,5-9,Freshman,"West Adelaide, Australia",FreeAgent,13.0,13.0,28.5,44.5,1.0,16.0,8.0,3.0,1.0,0.0,0.0,2.0,5.0,0.0,0.0,3.0,7.0,1.0,1.0,2.0,2.0,16.0,8.0,3.0,1.0,0.0,0.0,0.0,3.0,7.0,2.0,5.0,0.0,0.0,0.0,0,sienna grieger,0,0,0,santa clara,0,0,https://santaclarabroncos.com/images/2025/9/18/grieger_siennaDJR13186.JPG?width=80&quality=90
34,Tyler Gildersleeve-Stiles,Santa Clara Broncos,F,6-1,Freshman,"Snohomish, WA",FreeAgent,36.0,36.0,2.0,5.0,1.0,25.0,10.0,11.0,4.0,1.0,2.0,0.0,1.0,2.0,2.0,4.0,10.0,5.0,5.0,6.0,6.0,25.0,10.0,11.0,4.0,1.0,2.0,2.0,4.0,10.0,0.0,1.0,2.0,3.0,3.0,0,tyler gildersleeve-stiles,0,0,0,santa clara,0,0,https://images.sidearmdev.com/resize?url=https%3a%2f%2fdbukjj6eu5tsf.cloudfront.net%2fsidearm.sites%2fsantaclara.sidearmsports.com%2fimages%2f2025%2f9%2f18%2fgildersleevestiles_tylerDJR13266_mSdFb.JPG&width=80&type=webp&quality=90
7,Lucija Milkovic,Seattle U Redhawks,C,6-6,Junior,"Sibenik, Croatia",FreeAgent,14.0,14.0,2.0,42.0,1.0,14.0,4.0,7.0,0.0,0.0,2.0,0.0,0.0,0.0,1.0,2.0,5.0,3.0,3.0,4.0,4.0,14.0,4.0,7.0,0.0,0.0,2.0,1.0,2.0,5.0,0.0,0.0,0.0,0.0,0.0,Missouri,lucija milkovic,Lucija Milkovic,Missouri,SEC,seattle,Seattle U,WCC,https://goseattleu.com/imgproxy/Y2iEJjG--ZJ35FBiK4Lfio9DERkR5zXEcJ3JCMnnyuc/rs:fit:1980:0:0/g:ce/q:90/aHR0cHM6Ly9zdG9yYWdlLmdvb2dsZWFwaXMuY29tL2dvc2VhdHRsZXUtY29tLXByb2QvMjAyNS8xMC8wOS9tZktnSEdkYmZETFdsa0FyeG8xbnpleDd1MWUzd0dtZjlwclpUUTdiLnBuZw.png
2,Mali Ennis,Pacific Tigers,G,5-10,Sr.,"Burlingame, CA",FreeAgent,0.0,0.0,65.5,105.5,0.0,0.0,0.0,0.0,0.0,0.0,0.0,0.0,0.0,0.0,0.0,0.0,0.0,0.0,0.0,0.0,0.0,0.0,0.0,0.0,0.0,0.0,0.0,0.0,0.0,0.0,0.0,0.0,0.0,0.0,0.0,Saint Mary's College,mali ennis,Mali Ennis,St. Mary's (CA),WCC,pacific,0,0,https://pacifictigers.com/images/2025/10/20/Mali_Ennis.png?width=80&quality=90
16,Elisa Mehyar,Oregon State Beavers,F,6-5,So.,"Copenhagen, Denmark",FreeAgent,0.0,0.0,32.0,105.5,0.0,0.0,0.0,0.0,0.0,0.0,0.0,0.0,0.0,0.0,0.0,0.0,0.0,0.0,0.0,0.0,0.0,0.0,0.0,0.0,0.0,0.0,0.0,0.0,0.0,0.0,0.0,0.0,0.0,0.0,0.0,0,elisa mehyar,Elisa Mehyar,Oregon State,WCC,osu,0,0,https://images.sidearmdev.com/crop?url=https%3A%2F%2Fdxbhsrqyrr690.cloudfront.net%2Fsidearm.nextgen.sites%2Foregonstate.sidearmsports.com%2Fimages%2F2024%2F10%2F2%2FWBB_Headshot-10.jpg&width=603&height=803&gravity=north&type=webp
13,Ivana Krajina,Loyola Marymount Lions,G,5-11,Sr.,"Kastel Novi, Croatia",FreeAgent,0.0,0.0,65.5,105.5,0.0,0.0,0.0,0.0,0.0,0.0,0.0,0.0,0.0,0.0,0.0,0.0,0.0,0.0,0.0,0.0,0.0,0.0,0.0,0.0,0.0,0.0,0.0,0.0,0.0,0.0,0.0,0.0,0.0,0.0,0.0,Texas Tech,ivana krajina,Ivana Krajina,Texas Tech,Big 12,lmu,LMU (CA),WCC,https://d2vhz6gv4pigvw.cloudfront.net/images/2025/10/2/Ivana_Krajina.jpg?width=80&quality=90
7,Lucia Navarro,Oregon State Beavers,G,6-0,Jr.,"Valencia, Spain",FreeAgent,0.0,0.0,65.5,105.5,0.0,0.0,0.0,0.0,0.0,0.0,0.0,0.0,0.0,0.0,0.0,0.0,0.0,0.0,0.0,0.0,0.0,0.0,0.0,0.0,0.0,0.0,0.0,0.0,0.0,0.0,0.0,0.0,0.0,0.0,0.0,0,lucia navarro,Lucia Navarro,Oregon State,WCC,osu,0,0,https://images.sidearmdev.com/crop?url=https%3A%2F%2Fdxbhsrqyrr690.cloudfront.net%2Fsidearm.nextgen.sites%2Foregonstate.sidearmsports.com%2Fimages%2F2024%2F10%2F2%2FWBB_Headshot-12.jpg&width=603&height=803&gravity=north&type=webp
2,Vera Gunaydin,Gonzaga Bulldogs,G,5-9,Sr.,"Ankara, Turkey",FreeAgent,0.0,0.0,65.5,105.5,0.0,0.0,0.0,0.0,0.0,0.0,0.0,0.0,0.0,0.0,0.0,0.0,0.0,0.0,0.0,0.0,0.0,0.0,0.0,0.0,0.0,0.0,0.0,0.0,0.0,0.0,0.0,0.0,0.0,0.0,0.0,South Georgia Tech,vera gunaydin,Vera Gunaydin,Gonzaga,WCC,gonzaga,0,0,https://d2jpxbzntgxotn.cloudfront.net/images/2025/9/10/vera_gunaydin-7778.JPG?width=80&quality=90
